SignalID,TrueClass,TrueHR_BPM,SamplesPlayed,SignalDurationSec,PlaybackDurationSec,ArduinoPrediction,ArduinoValid,ArduinoCorrect,BoardHR_BPM,BoardHRValid,BoardHRError_BPM,BoardHRError_pct,ScopeOutputMean_V,ScopeHRMean_V,ScopeValidStartSec,ScopeValidDurationSec,ScopeLatencySec
252,A,114,9000,30,31,A,1,1,117.15,1,3.15,2.76316,3.32355,3.32142,53.0975,0.5,22.0975
756,N,66,9000,30,31,N,1,1,66,1,0,0,0.055612,3.32033,53.175,0.5,22.175
102,A,102,9000,30,31,A,1,1,104.775,1,2.775,2.72059,3.32434,3.32271,53.115,0.5,22.115
642,N,90,9000,30,31,N,1,1,86.625,1,3.375,3.75,0.0619283,3.30521,53.1375,0.5,22.1375
31,A,108,9000,30,31,A,1,1,108.075,1,0.075,0.0694444,3.32026,3.31266,53.12,0.5,22.12
187,A,54,9000,30,31,A,1,1,53.625,1,0.375,0.694444,3.32066,3.32426,53.1175,0.5,22.1175
341,A,126,9000,30,31,A,1,1,126.225,1,0.225,0.178571,3.32296,3.31864,53.1525,0.5,22.1525
458,A,90,9000,30,31,A,1,1,95.7,1,5.7,6.33333,3.32104,3.32418,53.1675,0.5,22.1675
141,A,126,9000,30,31,A,1,1,132,1,6,4.7619,3.319,3.31809,53.15,0.5,22.15
466,A,120,9000,30,31,A,1,1,117.15,1,2.85,2.375,3.31882,3.317,53.15,0.5,22.15
942,N,72,9000,30,31,N,1,1,71.775,1,0.225,0.3125,0.0576175,3.31812,53.21,0.5,22.21
302,A,132,9000,30,31,A,1,1,132,1,0,0,3.32228,3.31813,53.0975,0.5,22.0975
391,A,108,9000,30,31,A,1,1,108.075,1,0.075,0.0694444,3.32263,3.31808,53.12,0.5,22.12
984,N,66,9000,30,31,N,1,1,66,1,0,0,0.0578726,3.32027,53.1625,0.5,22.1625
409,A,66,9000,30,31,A,1,1,60.225,1,5.775,8.75,3.32206,3.3092,53.135,0.5,22.135
685,N,78,9000,30,31,N,1,1,77.55,1,0.45,0.576923,0.0547929,3.32426,53.1625,0.5,22.1625
630,N,66,9000,30,31,N,1,1,68.475,1,2.475,3.75,0.05999,3.29958,53.1725,0.5,22.1725
501,A,126,9000,30,31,A,1,1,132,1,6,4.7619,3.32272,3.31924,53.15,0.5,22.15
152,A,78,9000,30,31,A,1,1,75.9,1,2.1,2.69231,3.32065,3.30746,53.115,0.5,22.115
758,N,96,9000,30,31,N,1,1,96.525,1,0.525,0.546875,0.0619059,3.30591,53.115,0.5,22.115
996,N,72,9000,30,31,N,1,1,71.775,1,0.225,0.3125,0.0563014,3.31635,53.135,0.5,22.135
114,A,108,9000,30,31,A,1,1,109.725,1,1.725,1.59722,3.31996,3.32266,53.1775,0.5,22.1775
14,A,132,9000,30,31,A,1,1,132,1,0,0,3.32082,3.32007,53.0975,0.5,22.0975
615,N,72,9000,30,31,N,1,1,71.775,1,0.225,0.3125,0.0558806,3.31631,53.1975,0.5,22.1975
811,N,54,9000,30,31,N,1,1,54.45,1,0.45,0.833333,0.0610196,3.3044,53.18,0.5,22.18
548,N,72,9000,30,31,N,1,1,73.425,1,1.425,1.97917,0.0556344,3.32322,53.175,0.5,22.175
706,N,72,9000,30,31,N,1,1,74.25,1,2.25,3.125,0.0595334,3.30918,53.1275,0.5,22.1275
712,N,66,9000,30,31,N,1,1,66,1,0,0,0.0533738,3.3213,53.19,0.5,22.19
349,A,78,9000,30,31,A,1,1,78.375,1,0.375,0.480769,3.32312,3.30313,53.135,0.5,22.135
209,A,66,9000,30,31,A,1,1,60.225,1,5.775,8.75,3.32434,3.31581,53.155,0.5,22.155
672,N,66,9000,30,31,N,1,1,67.65,1,1.65,2.5,0.0559478,3.32061,53.1575,0.5,22.1575
928,N,84,9000,30,31,N,1,1,84.15,1,0.15,0.178571,0.0551062,3.32332,53.1675,0.5,22.1675
437,A,60,9000,30,31,A,1,1,60.225,1,0.225,0.375,3.3215,3.30133,53.105,0.5,22.105
530,N,72,9000,30,31,N,1,1,74.25,1,2.25,3.125,0.0564626,3.30852,53.12,0.5,22.12
743,N,72,9000,30,31,N,1,1,71.775,1,0.225,0.3125,0.0553435,3.31518,53.1825,0.5,22.1825
956,N,66,9000,30,31,A,1,0,71.775,1,5.775,8.75,3.3236,3.32109,53.1,0.5,22.1
998,N,72,9000,30,31,N,1,1,68.475,1,3.525,4.89583,0.0611697,3.30039,53.1775,0.5025,22.1775
832,N,60,9000,30,31,N,1,1,60.225,1,0.225,0.375,0.0563328,3.31307,53.2075,0.5,22.2075
118,A,132,9000,30,31,A,1,1,132,1,0,0,3.32308,3.31904,53.085,0.5,22.085
688,N,54,9000,30,31,A,1,0,53.625,1,0.375,0.694444,3.32156,3.32418,53.085,0.5,22.085
794,N,90,9000,30,31,N,1,1,89.925,1,0.075,0.0833333,0.0570579,3.32445,53.185,0.5,22.185
53,A,126,9000,30,31,A,1,1,126.225,1,0.225,0.178571,3.32433,3.32026,53.145,0.5,22.145
22,A,90,9000,30,31,A,1,1,91.575,1,1.575,1.75,3.32027,3.32347,53.175,0.5,22.175
479,A,78,9000,30,31,A,1,1,79.2,1,1.2,1.53846,3.31939,3.32477,53.1275,0.5,22.1275
850,N,72,9000,30,31,N,1,1,74.25,1,2.25,3.125,0.0577652,3.31016,53.1775,0.5,22.1775
332,A,66,9000,30,31,N,1,0,66,1,0,0,0.0561626,3.31639,53.0975,0.5,22.0975
235,A,78,9000,30,31,A,1,1,80.025,1,2.025,2.59615,3.32112,3.31102,53.1375,0.5,22.1375
163,A,78,9000,30,31,A,1,1,78.375,1,0.375,0.480769,3.32256,3.30257,53.13,0.5,22.13
765,N,72,9000,30,31,N,1,1,74.25,1,2.25,3.125,0.0596184,3.30705,53.1425,0.5,22.1425
520,N,84,9000,30,31,N,1,1,81.675,1,2.325,2.76786,0.0574026,3.31997,53.13,0.5,22.13
311,A,84,9000,30,31,A,1,1,81.675,1,2.325,2.76786,3.3165,3.31745,53.125,0.5,22.125
903,N,60,9000,30,31,A,1,0,61.875,1,1.875,3.125,3.32279,3.32333,53.0675,0.5,22.0675
131,A,72,9000,30,31,A,1,1,71.775,1,0.225,0.3125,3.31836,3.31995,53.095,0.5,22.095
183,A,66,9000,30,31,A,1,1,68.475,1,2.475,3.75,3.32109,3.29958,53.1275,0.5,22.1275
111,A,66,9000,30,31,A,1,1,68.475,1,2.475,3.75,3.32285,3.30051,53.1325,0.5,22.1325
822,N,66,9000,30,31,N,1,1,66,1,0,0,0.0558538,3.30487,53.175,0.5,22.175
291,A,102,9000,30,31,A,1,1,104.775,1,2.775,2.72059,3.31803,3.31921,53.085,0.5,22.085
592,N,96,9000,30,31,A,1,0,99,1,3,3.125,3.31605,3.31167,53.135,0.5,22.135
868,N,60,9000,30,31,N,1,1,59.4,1,0.6,1,0.054005,3.32381,53.19,0.5,22.19
628,N,54,9000,30,31,N,1,1,54.45,1,0.45,0.833333,0.0603078,3.30302,53.1275,0.5,22.1275
110,A,66,9000,30,31,A,1,1,66,1,0,0,3.32069,3.31541,53.14,0.5,22.14
856,N,54,9000,30,31,N,1,1,53.625,1,0.375,0.694444,0.0558762,3.32392,53.0975,0.5,22.0975
138,A,90,9000,30,31,A,1,1,90.75,1,0.75,0.833333,3.32185,3.3003,53.135,0.5,22.135
112,A,60,9000,30,31,A,1,1,66,1,6,10,3.32322,3.32307,53.1075,0.5,22.1075
888,N,63,9000,30,31,N,1,1,51.975,1,11.025,17.5,0.0585262,3.316,53.1075,0.5,22.1075
714,N,60,9000,30,31,N,1,1,60.225,1,0.225,0.375,0.0569953,3.31475,53.17,0.5,22.17
902,N,66,9000,30,31,N,1,1,61.875,1,4.125,6.25,0.0591126,3.31182,53.2075,0.5,22.2075
74,A,96,9000,30,31,A,1,1,95.7,1,0.3,0.3125,3.31685,3.32309,53.0975,0.5,22.0975
219,A,102,9000,30,31,A,1,1,105.6,1,3.6,3.52941,3.32164,3.30306,53.0675,0.5,22.0675
317,A,102,9000,30,31,A,1,1,107.25,1,5.25,5.14706,3.31826,3.3243,53.1775,0.5,22.1775
356,A,60,9000,30,31,A,1,1,60.225,1,0.225,0.375,3.32403,3.31573,53.11,0.5,22.11
647,N,54,9000,30,31,N,1,1,56.1,1,2.1,3.88889,0.0549898,3.31388,53.1325,0.5,22.1325
306,A,90,9000,30,31,A,1,1,93.225,1,3.225,3.58333,3.32411,3.3191,53.1675,0.5,22.1675
86,A,132,9000,30,31,A,1,1,132,1,0,0,3.3201,3.31918,53.1,0.5,22.1
113,A,84,9000,30,31,A,1,1,80.025,1,3.975,4.73214,3.32327,3.31712,53.1625,0.5,22.1625
34,A,120,9000,30,31,A,1,1,117.15,1,2.85,2.375,3.32251,3.32216,53.135,0.5,22.135
781,N,78,9000,30,31,N,1,1,78.375,1,0.375,0.480769,0.0575414,3.30455,53.16,0.5,22.16
165,A,108,9000,30,31,A,1,1,110.55,1,2.55,2.36111,3.3238,3.32523,53.03,0.5,22.03
717,N,96,9000,30,31,N,1,1,93.225,1,2.775,2.89063,0.0562522,3.31335,53.2,0.5,22.2
484,A,90,9000,30,31,A,1,1,89.925,1,0.075,0.0833333,3.32283,3.31671,53.1225,0.5,22.1225
545,N,66,9000,30,31,N,1,1,66,1,0,0,0.0572862,3.3239,53.1925,0.5,22.1925
831,N,60,9000,30,31,N,1,1,60.225,1,0.225,0.375,0.0593901,3.3138,53.17,0.5,22.17
95,A,84,9000,30,31,A,1,1,81.675,1,2.325,2.76786,3.32036,3.32293,53.1225,0.5,22.1225
454,A,90,9000,30,31,A,1,1,92.4,1,2.4,2.66667,3.32206,3.30892,53.1775,0.5,22.1775
722,N,78,9000,30,31,N,1,1,78.375,1,0.375,0.480769,0.056758,3.30306,53.17,0.5,22.17
173,A,102,9000,30,31,A,1,1,108.075,1,6.075,5.95588,3.32272,3.31872,53.17,0.5,22.17
697,N,54,9000,30,31,N,1,1,56.1,1,2.1,3.88889,0.0547929,3.30652,53.2025,0.5,22.2025
265,A,66,9000,30,31,A,1,1,60.225,1,5.775,8.75,3.31842,3.30194,53.13,0.5,22.13
232,A,114,9000,30,31,A,1,1,113.85,1,0.15,0.131579,3.32151,3.32032,53.1775,0.5,22.1775
961,N,78,9000,30,31,N,1,1,74.25,1,3.75,4.80769,0.0569729,3.30866,53.19,0.5,22.19
327,A,66,9000,30,31,A,1,1,67.65,1,1.65,2.5,3.31617,3.32236,53.1325,0.5,22.1325
270,A,72,9000,30,31,A,1,1,73.425,1,1.425,1.97917,3.31614,3.32224,53.1325,0.5,22.1325
383,A,84,9000,30,31,A,1,1,79.2,1,4.8,5.71429,3.32227,3.31029,53.1225,0.5,22.1225
336,A,78,9000,30,31,A,1,1,77.55,1,0.45,0.576923,3.31781,3.32322,53.12,0.5,22.12
390,A,102,9000,30,31,A,1,1,105.6,1,3.6,3.52941,3.32204,3.30359,53.12,0.5,22.12
360,A,96,9000,30,31,A,1,1,95.7,1,0.3,0.3125,3.3203,3.324,53.165,0.5,22.165
764,N,78,9000,30,31,N,1,1,80.025,1,2.025,2.59615,0.0594036,3.30983,53.1575,0.5,22.1575
267,A,96,9000,30,31,A,1,1,96.525,1,0.525,0.546875,3.32244,3.30593,53.135,0.5,22.135
255,A,66,9000,30,31,A,1,1,67.65,1,1.65,2.5,3.32093,3.3232,53.135,0.5,22.135
965,N,60,9000,30,31,N,1,1,66,1,6,10,0.0543139,3.32286,53.1925,0.5,22.1925
8,A,78,9000,30,31,A,1,1,75.9,1,2.1,2.69231,3.32133,3.32002,53.1125,0.5,22.1125
528,N,90,9000,30,31,N,1,1,89.925,1,0.075,0.0833333,0.0593722,3.31562,53.1,0.5,22.1
72,A,96,9000,30,31,A,1,1,95.7,1,0.3,0.3125,3.32059,3.32325,53.17,0.5,22.17
565,N,60,9000,30,31,N,1,1,60.225,1,0.225,0.375,0.056373,3.31438,53.17,0.5,22.17
395,A,72,9000,30,31,N,1,0,71.775,1,0.225,0.3125,0.0569505,3.32046,53.14,0.5,22.14
909,N,60,9000,30,31,N,1,1,60.225,1,0.225,0.375,0.0544885,3.3094,53.125,0.5,22.125
612,N,60,9000,30,31,N,1,1,61.875,1,1.875,3.125,0.0541527,3.31239,53.1725,0.5,22.1725
947,N,72,9000,30,31,N,1,1,71.775,1,0.225,0.3125,0.0536245,3.3144,53.13,0.5,22.13
509,N,48,9000,30,31,N,1,1,53.625,1,5.625,11.7188,0.0539513,3.3243,53.165,0.5,22.165
140,A,60,9000,30,31,A,1,1,60.225,1,0.225,0.375,3.32279,3.30575,53.0975,0.5,22.0975
256,A,60,9000,30,31,A,1,1,66,1,6,10,3.32232,3.31619,53.1125,0.5,22.1125
20,A,60,9000,30,31,A,1,1,60.225,1,0.225,0.375,3.32141,3.31039,53.12,0.5,22.12
532,N,72,9000,30,31,N,1,1,71.775,1,0.225,0.3125,0.0552002,3.31691,53.085,0.5,22.085
813,N,84,9000,30,31,N,1,1,84.15,1,0.15,0.178571,0.0563014,3.31929,53.1625,0.5,22.1625
493,A,78,9000,30,31,A,1,1,77.55,1,0.45,0.576923,3.32226,3.32345,53.1325,0.5,22.1325
936,N,78,9000,30,31,N,1,1,72.6,1,5.4,6.92308,0.0537633,3.32309,53.195,0.5,22.195
618,N,84,9000,30,31,N,1,1,84.15,1,0.15,0.178571,0.0548913,3.31559,53.18,0.5,22.18
119,A,78,9000,30,31,A,1,1,80.025,1,2.025,2.59615,3.32259,3.31299,53.125,0.5,22.125
474,A,108,9000,30,31,A,1,1,109.725,1,1.725,1.59722,3.31619,3.3182,53.1725,0.5,22.1725
310,A,90,9000,30,31,A,1,1,91.575,1,1.575,1.75,3.3205,3.32344,53.175,0.5,22.175
285,A,126,9000,30,31,A,1,1,132,1,6,4.7619,3.32085,3.31406,53.1575,0.5,22.1575
75,A,102,9000,30,31,A,1,1,104.775,1,2.775,2.72059,3.32236,3.32165,53.0775,0.5,22.0775
838,N,60,9000,30,31,N,1,1,62.7,1,2.7,4.5,0.0540274,3.28927,53.08,0.5,22.08
975,N,84,9000,30,31,N,1,1,79.2,1,4.8,5.71429,0.0548018,3.3238,53.1625,0.5,22.1625
62,A,84,9000,30,31,A,1,1,85.8,1,1.8,2.14286,3.32355,3.32338,53.125,0.5,22.125
886,N,72,9000,30,31,N,1,1,71.775,1,0.225,0.3125,0.0582218,3.3167,53.1575,0.5,22.1575
443,A,72,9000,30,31,A,1,1,66,1,6,8.33333,3.32069,3.31536,53.08,0.5,22.08
707,N,66,9000,30,31,N,1,1,71.775,1,5.775,8.75,0.0542826,3.323,53.19,0.5,22.19
580,N,72,9000,30,31,N,1,1,77.55,1,5.55,7.70833,0.0533604,3.32369,53.19,0.5,22.19
583,N,66,9000,30,31,A,1,0,89.925,1,23.925,36.25,3.31974,3.32365,53.225,0.5,22.225
519,N,66,9000,30,31,A,1,0,66,1,0,0,3.32227,3.30941,53.13,0.5,22.13
884,N,66,9000,30,31,N,1,1,66,1,0,0,0.0547347,3.32116,53.125,0.5,22.125
937,N,60,9000,30,31,N,1,1,53.625,1,6.375,10.625,0.0537633,3.32338,53.1825,0.5,22.1825
429,A,126,9000,30,31,A,1,1,132,1,6,4.7619,3.32214,3.31537,53.155,0.5,22.155
793,N,66,9000,30,31,N,1,1,68.475,1,2.475,3.75,0.0556971,3.30036,53.13,0.5,22.13
316,A,138,9000,30,31,A,1,1,129.525,1,8.475,6.1413,3.32274,3.31122,53.0825,0.5,22.0825
613,N,72,9000,30,31,N,1,1,68.475,1,3.525,4.89583,0.0555986,3.32417,53.1275,0.5,22.1275
159,A,78,9000,30,31,A,1,1,80.025,1,2.025,2.59615,3.32244,3.3124,53.125,0.5,22.125
380,A,60,9000,30,31,A,1,1,59.4,1,0.6,1,3.31809,3.3246,53.1225,0.5,22.1225
294,A,171,9000,30,31,A,1,1,89.925,1,81.075,47.4123,3.32318,3.32465,53.155,0.5,22.155
654,N,78,9000,30,31,N,1,1,84.15,1,6.15,7.88462,0.0559164,3.31379,53.1575,0.5,22.1575
818,N,96,9000,30,31,N,1,1,95.7,1,0.3,0.3125,0.0564805,3.32458,53.2075,0.5,22.2075
153,A,72,9000,30,31,A,1,1,72.6,1,0.6,0.833333,3.32321,3.29474,53.12,0.5,22.12
997,N,66,9000,30,31,N,1,1,66,1,0,0,0.0572415,3.31655,53.195,0.5,22.195
754,N,78,9000,30,31,N,1,1,72.6,1,5.4,6.92308,0.0596543,3.29441,53.1725,0.5,22.1725
307,A,78,9000,30,31,A,1,1,78.375,1,0.375,0.480769,3.32429,3.30403,53.135,0.5,22.135
798,N,72,9000,30,31,N,1,1,67.65,1,4.35,6.04167,0.0538797,3.32468,53.155,0.5,22.155
104,A,126,9000,30,31,A,1,1,136.125,1,10.125,8.03571,3.32323,3.31994,53.1175,0.5,22.1175
385,A,96,9000,30,31,A,1,1,99,1,3,3.125,3.32336,3.32288,53.125,0.5,22.125
993,N,66,9000,30,31,N,1,1,68.475,1,2.475,3.75,0.0626087,3.30153,53.155,0.5,22.155
197,A,126,9000,30,31,A,1,1,126.225,1,0.225,0.178571,3.32289,3.31696,53.1425,0.5,22.1425
848,N,84,9000,30,31,N,1,1,84.15,1,0.15,0.178571,0.0546228,3.31764,53.1675,0.5,22.1675
689,N,78,9000,30,31,N,1,1,82.5,1,4.5,5.76923,0.0604287,3.29846,53.1625,0.5,22.1625
991,N,60,9000,30,31,A,1,0,59.4,1,0.6,1,3.31947,3.32424,53.13,0.5,22.13
44,A,66,9000,30,31,N,1,0,66,1,0,0,0.0543766,3.31275,53.105,0.5,22.105
503,A,60,9000,30,31,A,1,1,56.1,1,3.9,6.5,3.32355,3.30902,53.1075,0.5,22.1075
740,N,66,9000,30,31,A,1,0,66.825,1,0.825,1.25,3.32518,3.32285,53.0875,0.5,22.0875
280,A,108,9000,30,31,A,1,1,108.075,1,0.075,0.0694444,3.32276,3.31735,53.175,0.5,22.175
245,A,102,9000,30,31,A,1,1,107.25,1,5.25,5.14706,3.31696,3.32391,53.165,0.5,22.165
386,A,90,9000,30,31,A,1,1,95.7,1,5.7,6.33333,3.32081,3.32472,53.17,0.5,22.17
244,A,138,9000,30,31,A,1,1,130.35,1,7.65,5.54348,3.3235,3.31596,53.08,0.5,22.08
333,A,66,9000,30,31,N,1,0,66,1,0,0,0.0610106,3.31069,53.1425,0.5,22.1425
312,A,102,9000,30,31,A,1,1,100.65,1,1.35,1.32353,3.31689,3.3233,53.17,0.5,22.17
381,A,108,9000,30,31,A,1,1,111.375,1,3.375,3.125,3.32261,3.30925,53.03,0.5,22.03
426,A,90,9000,30,31,A,1,1,89.925,1,0.075,0.0833333,3.32381,3.32069,53.1475,0.5,22.1475
673,N,66,9000,30,31,N,1,1,67.65,1,1.65,2.5,0.0564447,3.32377,53.205,0.5,22.205
694,N,60,9000,30,31,N,1,1,62.7,1,2.7,4.5,0.0597617,3.29029,53.17,0.5,22.17
905,N,54,9000,30,31,N,1,1,59.4,1,5.4,10,0.0551868,3.32414,53.1275,0.5,22.1275
751,N,54,9000,30,31,N,1,1,54.45,1,0.45,0.833333,0.0542065,3.32416,53.1225,0.5,22.1225
88,A,114,9000,30,31,A,1,1,108.075,1,5.925,5.19737,3.323,3.3192,53.1925,0.5,22.1925
106,A,120,9000,30,31,A,1,1,117.15,1,2.85,2.375,3.31888,3.31763,53.135,0.5,22.135
467,A,72,9000,30,31,N,1,0,71.775,1,0.225,0.3125,0.0541035,3.31376,53.15,0.5,22.15
206,A,84,9000,30,31,A,1,1,86.625,1,2.625,3.125,3.32265,3.30531,53.1325,0.5,22.1325
457,A,96,9000,30,31,A,1,1,99,1,3,3.125,3.32213,3.31145,53.135,0.5,22.135
624,N,60,9000,30,31,N,1,1,61.875,1,1.875,3.125,0.0554061,3.3241,53.13,0.5,22.13
169,A,96,9000,30,31,A,1,1,99,1,3,3.125,3.31641,3.31165,53.1275,0.5,22.1275
175,A,108,9000,30,31,A,1,1,108.075,1,0.075,0.0694444,3.32287,3.3186,53.1175,0.5,22.1175
600,N,78,9000,30,31,A,1,0,77.55,1,0.45,0.576923,3.32357,3.32107,53.0925,0.5,22.0925
42,A,108,9000,30,31,A,1,1,109.725,1,1.725,1.59722,3.32299,3.3246,53.1725,0.5,22.1725
549,N,66,9000,30,31,N,1,1,66.825,1,0.825,1.25,0.0616373,3.2833,53.1375,0.5025,22.1375
649,N,72,9000,30,31,N,1,1,71.775,1,0.225,0.3125,0.0539334,3.31894,53.16,0.5,22.16
980,N,60,9000,30,31,N,1,1,57.75,1,2.25,3.75,0.0534141,3.32319,53.1475,0.5,22.1475
585,N,66,9000,30,31,N,1,1,66,1,0,0,0.0525905,3.30698,53.075,0.5,22.075
27,A,96,9000,30,31,A,1,1,91.575,1,4.425,4.60937,3.32217,3.30534,53.1425,0.5,22.1425
953,N,60,9000,30,31,N,1,1,61.875,1,1.875,3.125,0.0581636,3.31667,53.135,0.5,22.135
895,N,78,9000,30,31,N,1,1,80.025,1,2.025,2.59615,0.0542467,3.3169,53.195,0.5,22.195
424,A,108,9000,30,31,A,1,1,108.075,1,0.075,0.0694444,3.32171,3.31504,53.17,0.5,22.17
326,A,66,9000,30,31,A,1,1,66,1,0,0,3.31724,3.30625,53.1575,0.5,22.1575
196,A,90,9000,30,31,A,1,1,89.925,1,0.075,0.0833333,3.32287,3.32018,53.1225,0.5,22.1225
574,N,54,9000,30,31,N,1,1,60.225,1,6.225,11.5278,0.0539244,3.30307,53.1625,0.5,22.1625
900,N,84,9000,30,31,N,1,1,86.625,1,2.625,3.125,0.0589425,3.30595,53.1475,0.5,22.1475
989,N,90,9000,30,31,N,1,1,86.625,1,3.375,3.75,0.0587993,3.30508,53.14,0.5,22.14
126,A,72,9000,30,31,A,1,1,74.25,1,2.25,3.125,3.32166,3.30912,53.1225,0.5,22.1225
966,N,78,9000,30,31,N,1,1,80.025,1,2.025,2.59615,0.0555315,3.31038,53.1975,0.5,22.1975
54,A,72,9000,30,31,A,1,1,74.25,1,2.25,3.125,3.32209,3.3077,53.125,0.5,22.125
129,A,66,9000,30,31,N,1,0,68.475,1,2.475,3.75,0.0568699,3.30027,53.165,0.5,22.165
605,N,78,9000,30,31,N,1,1,80.025,1,2.025,2.59615,0.0550167,3.31497,52.98,0.5,21.98
627,N,54,9000,30,31,A,1,0,55.275,1,1.275,2.36111,3.32323,3.31444,53.1225,0.5,22.1225
918,N,84,9000,30,31,N,1,1,84.15,1,0.15,0.178571,0.0568252,3.3194,53.17,0.5,22.17
403,A,54,9000,30,31,A,1,1,54.45,1,0.45,0.833333,3.32186,3.30433,53.12,0.5,22.12
366,A,171,9000,30,31,A,1,1,89.925,1,81.075,47.4123,3.32441,3.32337,53.1375,0.5,22.1375
480,A,78,9000,30,31,A,1,1,77.55,1,0.45,0.576923,3.31774,3.32354,53.12,0.5,22.12
405,A,66,9000,30,31,N,1,0,66,1,0,0,0.0570042,3.31295,53.14,0.5,22.14
276,A,54,9000,30,31,A,1,1,54.45,1,0.45,0.833333,3.32289,3.30321,53.115,0.5,22.115
982,N,72,9000,30,31,N,1,1,73.425,1,1.425,1.97917,0.055527,3.32343,53.145,0.5,22.145
533,N,72,9000,30,31,N,1,1,74.25,1,2.25,3.125,0.0534052,3.30579,53.1975,0.5,22.1975
52,A,90,9000,30,31,A,1,1,89.925,1,0.075,0.0833333,3.32259,3.32282,53.12,0.5,22.12
230,A,132,9000,30,31,A,1,1,132,1,0,0,3.32086,3.31389,53.0925,0.5,22.0925
90,A,90,9000,30,31,A,1,1,93.225,1,3.225,3.58333,3.32194,3.31289,53.1725,0.5,22.1725
218,A,96,9000,30,31,A,1,1,95.7,1,0.3,0.3125,3.31846,3.32397,53.095,0.5,22.095
486,A,72,9000,30,31,A,1,1,74.25,1,2.25,3.125,3.32203,3.30914,53.1225,0.5,22.1225
964,N,66,9000,30,31,N,1,1,66,1,0,0,0.0555673,3.30467,53.1,0.5,22.1
328,A,60,9000,30,31,A,1,1,66,1,6,10,3.31981,3.3141,53.11,0.5,22.11
178,A,120,9000,30,31,A,1,1,117.15,1,2.85,2.375,3.31683,3.31449,53.145,0.5,22.145
671,N,72,9000,30,31,N,1,1,80.025,1,8.025,11.1458,0.0537185,3.31269,53.1875,0.5,22.1875
555,N,78,9000,30,31,N,1,1,77.55,1,0.45,0.576923,0.0551152,3.32214,53.1875,0.5,22.1875
747,N,78,9000,30,31,N,1,1,78.375,1,0.375,0.480769,0.0583382,3.30196,53.135,0.5,22.135
21,A,108,9000,30,31,A,1,1,110.55,1,2.55,2.36111,3.31533,3.32219,53.02,0.5,22.02
179,A,72,9000,30,31,A,1,1,71.775,1,0.225,0.3125,3.3222,3.31717,53.1425,0.5,22.1425
363,A,102,9000,30,31,A,1,1,105.6,1,3.6,3.52941,3.32194,3.30316,53.07,0.5,22.07
483,A,96,9000,30,31,A,1,1,96.525,1,0.525,0.546875,3.32276,3.30731,53.1275,0.5,22.1275
983,N,66,9000,30,31,N,1,1,63.525,1,2.475,3.75,0.0538707,3.32423,53.125,0.5,22.125
309,A,108,9000,30,31,A,1,1,110.55,1,2.55,2.36111,3.32248,3.32356,53.04,0.5,22.04
721,N,60,9000,30,31,N,1,1,60.225,1,0.225,0.375,0.0593946,3.30821,53.1325,0.5,22.1325
495,A,96,9000,30,31,A,1,1,96.525,1,0.525,0.546875,3.32317,3.30777,53.0975,0.5,22.0975
728,N,102,9000,30,31,N,1,1,101.475,1,0.525,0.514706,0.053714,3.32391,53.115,0.5,22.115
655,N,54,9000,30,31,N,1,1,60.225,1,6.225,11.5278,0.0544661,3.31411,53.185,0.5,22.185
828,N,78,9000,30,31,N,1,1,84.15,1,6.15,7.88462,0.0542915,3.31027,53.1525,0.5,22.1525
935,N,84,9000,30,31,N,1,1,84.15,1,0.15,0.178571,0.0558135,3.3189,53.135,0.5,22.135
584,N,72,9000,30,31,N,1,1,66,1,6,8.33333,0.054578,3.31334,53.1575,0.5,22.1575
359,A,60,9000,30,31,A,1,1,56.1,1,3.9,6.5,3.3224,3.31867,53.11,0.5,22.11
558,N,60,9000,30,31,N,1,1,66,1,6,10,0.0553032,3.31873,53.165,0.5,22.165
774,N,60,9000,30,31,N,1,1,60.225,1,0.225,0.375,0.0559925,3.31447,53.165,0.5,22.165
590,N,78,9000,30,31,N,1,1,80.025,1,2.025,2.59615,0.0547481,3.30902,53.1775,0.5,22.1775
797,N,78,9000,30,31,N,1,1,77.55,1,0.45,0.576923,0.0534634,3.32301,53.135,0.5,22.135
177,A,108,9000,30,31,A,1,1,117.15,1,9.15,8.47222,3.32226,3.31611,53.1725,0.5,22.1725
184,A,60,9000,30,31,A,1,1,66,1,6,10,3.31976,3.31589,53.11,0.5,22.11
759,N,66,9000,30,31,N,1,1,66,1,0,0,0.0535216,3.31045,53.1775,0.5,22.1775
407,A,78,9000,30,31,A,1,1,79.2,1,1.2,1.53846,3.31527,3.32209,53.12,0.5,22.12
729,N,60,9000,30,31,N,1,1,62.7,1,2.7,4.5,0.0567043,3.28816,53.1975,0.5,22.1975
192,A,78,9000,30,31,A,1,1,77.55,1,0.45,0.576923,3.31709,3.3232,53.12,0.5,22.12
653,N,84,9000,30,31,N,1,1,63.525,1,20.475,24.375,0.0607732,3.32344,53.155,0.5025,22.155
207,A,96,9000,30,31,A,1,1,96.525,1,0.525,0.546875,3.32112,3.30594,53.115,0.5,22.115
885,N,66,9000,30,31,N,1,1,67.65,1,1.65,2.5,0.0542378,3.32206,53.2025,0.5,22.2025
361,A,120,9000,30,31,A,1,1,113.85,1,6.15,5.125,3.32079,3.32001,53.1575,0.5,22.1575
634,N,66,9000,30,31,N,1,1,63.525,1,2.475,3.75,0.0522592,3.32168,53.12,0.5,22.12
9,A,72,9000,30,31,A,1,1,73.425,1,1.425,1.97917,3.319,3.32337,53.1125,0.5,22.1125
650,N,72,9000,30,31,N,1,1,71.775,1,0.225,0.3125,0.0557463,3.3164,53.18,0.5,22.18
696,N,90,9000,30,31,N,1,1,89.925,1,0.075,0.0833333,0.058365,3.32035,53.215,0.5,22.215
296,A,78,9000,30,31,A,1,1,75.9,1,2.1,2.69231,3.31757,3.31148,53.1125,0.5,22.1125
489,A,66,9000,30,31,N,1,0,68.475,1,2.475,3.75,0.0583561,3.30012,53.1725,0.5,22.1725
542,N,60,9000,30,31,N,1,1,60.225,1,0.225,0.375,0.0592469,3.30228,53.2,0.5,22.2
286,A,132,9000,30,31,A,1,1,136.125,1,4.125,3.125,3.31973,3.31533,53.1225,0.5,22.1225
643,N,60,9000,30,31,A,1,0,60.225,1,0.225,0.375,3.32401,3.3151,53.1,0.5,22.1
727,N,78,9000,30,31,N,1,1,78.375,1,0.375,0.480769,0.0545646,3.30342,53.1575,0.5,22.1575
60,A,54,9000,30,31,A,1,1,54.45,1,0.45,0.833333,3.31305,3.29869,53.1125,0.5025,22.1125
607,N,96,9000,30,31,N,1,1,99,1,3,3.125,0.0554285,3.32204,53.1825,0.5,22.1825
780,N,54,9000,30,31,N,1,1,54.45,1,0.45,0.833333,0.0580248,3.30418,53.1575,0.5,22.1575
824,N,60,9000,30,31,N,1,1,60.225,1,0.225,0.375,0.0597348,3.30514,53.195,0.5,22.195
492,A,54,9000,30,31,A,1,1,55.275,1,1.275,2.36111,3.31978,3.30408,53.1075,0.5,22.1075
598,N,66,9000,30,31,N,1,1,68.475,1,2.475,3.75,0.0589515,3.30025,53.1825,0.5,22.1825
436,A,78,9000,30,31,A,1,1,78.375,1,0.375,0.480769,3.3222,3.30302,53.135,0.5,22.135
120,A,78,9000,30,31,A,1,1,78.375,1,0.375,0.480769,3.32078,3.30263,53.1225,0.5,22.1225
507,N,54,9000,30,31,N,1,1,56.1,1,2.1,3.88889,0.0558985,3.31346,53.1325,0.5,22.1325
791,N,66,9000,30,31,N,1,1,66,1,0,0,0.056091,3.30883,53.155,0.5,22.155
762,N,84,9000,30,31,N,1,1,80.025,1,3.975,4.73214,0.056091,3.30981,53.0925,0.5,22.0925
566,N,84,9000,30,31,N,1,1,80.025,1,3.975,4.73214,0.0605048,3.31405,53.1,0.5,22.1
344,A,102,9000,30,31,A,1,1,103.95,1,1.95,1.91176,3.3245,3.32388,53.1375,0.5,22.1375
87,A,78,9000,30,31,A,1,1,79.2,1,1.2,1.53846,3.31615,3.32386,53.1425,0.5,22.1425
242,A,90,9000,30,31,A,1,1,96.525,1,6.525,7.25,3.32249,3.30676,53.16,0.5,22.16
371,A,72,9000,30,31,A,1,1,71.775,1,0.225,0.3125,3.32252,3.31697,53.08,0.5,22.08
246,A,102,9000,30,31,A,1,1,105.6,1,3.6,3.52941,3.32257,3.3037,53.13,0.5,22.13
210,A,90,9000,30,31,A,1,1,89.925,1,0.075,0.0833333,3.31592,3.31712,53.13,0.5,22.13
5,A,60,9000,30,31,A,1,1,60.225,1,0.225,0.375,3.32173,3.31189,53.1,0.5,22.1
553,N,72,9000,30,31,N,1,1,73.425,1,1.425,1.97917,0.0547615,3.32224,53.17,0.5,22.17
408,A,78,9000,30,31,A,1,1,78.375,1,0.375,0.480769,3.32078,3.30215,53.125,0.5,22.125
421,A,78,9000,30,31,A,1,1,77.55,1,0.45,0.576923,3.3184,3.32299,53.1325,0.5,22.1325
351,A,96,9000,30,31,A,1,1,95.7,1,0.3,0.3125,3.32296,3.32305,53.0975,0.5,22.0975
986,N,66,9000,30,31,N,1,1,66,1,0,0,0.0558045,3.30433,53.2225,0.5,22.2225
450,A,90,9000,30,31,A,1,1,93.225,1,3.225,3.58333,3.32034,3.31269,53.1725,0.5,22.1725
379,A,78,9000,30,31,A,1,1,78.375,1,0.375,0.480769,3.32169,3.3028,53.135,0.5,22.135
142,A,132,9000,30,31,A,1,1,136.125,1,4.125,3.125,3.32362,3.31975,53.125,0.5,22.125
687,N,60,9000,30,31,N,1,1,54.45,1,5.55,9.25,0.0548421,3.30391,53.0875,0.5,22.0875
904,N,78,9000,30,31,A,1,0,84.15,1,6.15,7.88462,3.32105,3.31116,53.1425,0.5,22.1425
602,N,75,9000,30,31,N,1,1,70.125,1,4.875,6.5,0.0613777,3.31263,53.1125,0.5,22.1125
847,N,78,9000,30,31,N,1,1,80.025,1,2.025,2.59615,0.0542244,3.30724,53.185,0.5,22.185
692,N,60,9000,30,31,N,1,1,60.225,1,0.225,0.375,0.0578905,3.31075,53.1525,0.5,22.1525
422,A,84,9000,30,31,A,1,1,86.625,1,2.625,3.125,3.32266,3.30456,53.125,0.5,22.125
622,N,90,9000,30,31,N,1,1,84.15,1,5.85,6.5,0.0573981,3.32005,53.15,0.5,22.15
61,A,78,9000,30,31,A,1,1,78.375,1,0.375,0.480769,3.32114,3.30194,53.1425,0.5,22.1425
253,A,108,9000,30,31,A,1,1,113.85,1,5.85,5.41667,3.32026,3.31183,53.025,0.5,22.025
25,A,96,9000,30,31,A,1,1,99,1,3,3.125,3.31966,3.31783,53.1275,0.5,22.1275
894,N,54,9000,30,31,N,1,1,60.225,1,6.225,11.5278,0.0565163,3.31429,53.12,0.5,22.12
652,N,60,9000,30,31,N,1,1,60.225,1,0.225,0.375,0.0592872,3.30524,53.1625,0.5,22.1625
837,N,84,9000,30,31,N,1,1,84.15,1,0.15,0.178571,0.0542512,3.32113,53.17,0.5,22.17
901,N,54,9000,30,31,N,1,1,56.925,1,2.925,5.41667,0.0596998,3.27532,53.1525,0.5025,22.1525
842,N,72,9000,30,31,N,1,1,68.475,1,3.525,4.89583,0.0562298,3.29877,53.1575,0.5,22.1575
125,A,126,9000,30,31,A,1,1,126.225,1,0.225,0.178571,3.32243,3.31667,53.155,0.5,22.155
83,A,72,9000,30,31,A,1,1,66,1,6,8.33333,3.31722,3.30878,53.09,0.5,22.09
156,A,48,9000,30,31,N,1,0,42.9,1,5.1,10.625,0.0597259,3.294,53.1225,0.5,22.1225
581,N,84,9000,30,31,N,1,1,80.025,1,3.975,4.73214,0.0614369,3.30612,53.1725,0.5025,22.1725
524,N,78,9000,30,31,N,1,1,78.375,1,0.375,0.480769,0.0579398,3.30248,53.1575,0.5,22.1575
171,A,96,9000,30,31,A,1,1,91.575,1,4.425,4.60937,3.32169,3.30593,53.135,0.5,22.135
668,N,84,9000,30,31,N,1,1,75.9,1,8.1,9.64286,0.0592111,3.3137,53.155,0.5,22.155
667,N,60,9000,30,31,N,1,1,62.7,1,2.7,4.5,0.058459,3.28903,53.1475,0.5,22.1475
222,A,171,9000,30,31,A,1,1,84.15,1,86.85,50.7895,3.32292,3.32102,53.1525,0.5,22.1525
260,A,66,9000,30,31,A,1,1,66,1,0,0,3.32007,3.3162,53.0825,0.5,22.0825
274,A,96,9000,30,31,A,1,1,101.475,1,5.475,5.70312,3.31825,3.32375,53.18,0.5,22.18
65,A,66,9000,30,31,A,1,1,60.225,1,5.775,8.75,3.32221,3.3043,53.1575,0.5,22.1575
464,A,126,9000,30,31,A,1,1,136.125,1,10.125,8.03571,3.32132,3.31737,53.1175,0.5,22.1175
547,N,72,9000,30,31,N,1,1,71.775,1,0.225,0.3125,0.057416,3.31572,53.075,0.5,22.075
985,N,72,9000,30,31,N,1,1,78.375,1,6.375,8.85417,0.057716,3.30174,53.195,0.5,22.195
191,A,78,9000,30,31,A,1,1,80.025,1,2.025,2.59615,3.32096,3.30801,53.1225,0.5,22.1225
80,A,78,9000,30,31,A,1,1,75.9,1,2.1,2.69231,3.31656,3.30819,53.1125,0.5,22.1125
546,N,66,9000,30,31,N,1,1,66.825,1,0.825,1.25,0.0592455,3.2824,53.205,0.5025,22.205
674,N,72,9000,30,31,N,1,1,61.875,1,10.125,14.0625,0.0521742,3.31791,53.13,0.5,22.13
468,A,114,9000,30,31,A,1,1,117.975,1,3.975,3.48684,3.31315,3.30066,53.0925,0.5025,22.0925
376,A,114,9000,30,31,A,1,1,108.075,1,5.925,5.19737,3.32161,3.31338,53.1675,0.5,22.1675
378,A,90,9000,30,31,A,1,1,93.225,1,3.225,3.58333,3.31896,3.30968,53.1775,0.5,22.1775
925,N,60,9000,30,31,A,1,0,60.225,1,0.225,0.375,3.3187,3.30302,53.13,0.5,22.13
498,A,90,9000,30,31,A,1,1,89.925,1,0.075,0.0833333,3.31596,3.31595,53.135,0.5,22.135
861,N,72,9000,30,31,N,1,1,71.775,1,0.225,0.3125,0.0566864,3.31865,53.1725,0.5,22.1725
502,A,132,9000,30,31,A,1,1,136.125,1,4.125,3.125,3.32125,3.31844,53.115,0.5,22.115
941,N,72,9000,30,31,N,1,1,71.775,1,0.225,0.3125,0.0553569,3.32194,53.1825,0.5,22.1825
496,A,108,9000,30,31,A,1,1,108.075,1,0.075,0.0694444,3.32209,3.31224,53.185,0.5,22.185
212,A,60,9000,30,31,A,1,1,60.225,1,0.225,0.375,3.31864,3.30172,53.1075,0.5,22.1075
321,A,108,9000,30,31,A,1,1,117.15,1,9.15,8.47222,3.32119,3.3159,53.185,0.5,22.185
166,A,90,9000,30,31,A,1,1,94.05,1,4.05,4.5,3.3179,3.31392,53.1775,0.5,22.1775
971,N,78,9000,30,31,N,1,1,77.55,1,0.45,0.576923,0.0536693,3.32377,53.1675,0.5,22.1675
934,N,66,9000,30,31,N,1,1,66,1,0,0,0.0551465,3.31824,53.18,0.5,22.18
36,A,114,9000,30,31,A,1,1,117.15,1,3.15,2.76316,3.321,3.31938,53.0975,0.5,22.0975
665,N,66,9000,30,31,N,1,1,66,1,0,0,0.0574474,3.32302,53.205,0.5,22.205
105,A,108,9000,30,31,A,1,1,117.15,1,9.15,8.47222,3.32059,3.32,53.1825,0.5,22.1825
224,A,78,9000,30,31,A,1,1,75.9,1,2.1,2.69231,3.32246,3.3213,53.115,0.5,22.115
343,A,66,9000,30,31,A,1,1,72.6,1,6.6,10,3.32306,3.29447,53.15,0.5,22.15
807,N,72,9000,30,31,N,1,1,72.6,1,0.6,0.833333,0.0553748,3.32342,53.1325,0.5,22.1325
78,A,171,9000,30,31,A,1,1,84.15,1,86.85,50.7895,3.32187,3.31371,53.15,0.5,22.15
835,N,87,9000,30,31,N,1,1,84.975,1,2.025,2.32759,0.0563238,3.31952,53.065,0.5,22.065
2,A,96,9000,30,31,A,1,1,96.525,1,0.525,0.546875,3.32415,3.30762,53.095,0.5,22.095
283,A,60,9000,30,31,A,1,1,62.7,1,2.7,4.5,3.3214,3.28872,53.1125,0.5,22.1125
322,A,120,9000,30,31,A,1,1,117.15,1,2.85,2.375,3.31934,3.31794,53.135,0.5,22.135
787,N,72,9000,30,31,N,1,1,74.25,1,2.25,3.125,0.0586694,3.30822,53.19,0.5,22.19
767,N,66,9000,30,31,N,1,1,62.7,1,3.3,5,0.0598736,3.28866,53.13,0.5,22.13
335,A,78,9000,30,31,A,1,1,80.025,1,2.025,2.59615,3.32252,3.31579,53.1225,0.5,22.1225
587,N,69,9000,30,31,N,1,1,64.35,1,4.65,6.73913,0.0547705,3.3068,53.1425,0.5,22.1425
763,N,90,9000,30,31,N,1,1,89.925,1,0.075,0.0833333,0.0585575,3.31577,53.18,0.5,22.18
24,A,102,9000,30,31,A,1,1,101.475,1,0.525,0.514706,3.32137,3.30761,53.175,0.5,22.175
527,N,66,9000,30,31,N,1,1,70.125,1,4.125,6.25,0.0550435,3.31475,53.165,0.5,22.165
236,A,60,9000,30,31,A,1,1,60.225,1,0.225,0.375,3.32289,3.31464,53.1225,0.5,22.1225
872,N,72,9000,30,31,N,1,1,71.775,1,0.225,0.3125,0.0545511,3.32278,53.19,0.5,22.19
100,A,138,9000,30,31,A,1,1,132,1,6,4.34783,3.322,3.32177,53.08,0.5,22.08
481,A,66,9000,30,31,A,1,1,60.225,1,5.775,8.75,3.32207,3.312,53.135,0.5,22.135
415,A,66,9000,30,31,A,1,1,71.775,1,5.775,8.75,3.31623,3.31549,53.14,0.5,22.14
865,N,60,9000,30,31,N,1,1,61.875,1,1.875,3.125,0.0545019,3.32086,53.13,0.5,22.13
451,A,78,9000,30,31,A,1,1,77.55,1,0.45,0.576923,3.31845,3.32412,53.1325,0.5,22.1325
863,N,60,9000,30,31,N,1,1,60.225,1,0.225,0.375,0.0547078,3.31234,53.125,0.5,22.125
414,A,72,9000,30,31,A,1,1,74.25,1,2.25,3.125,3.32172,3.30789,53.1225,0.5,22.1225
739,N,72,9000,30,31,N,1,1,72.6,1,0.6,0.833333,0.05781,3.29373,53.1625,0.5,22.1625
815,N,54,9000,30,31,N,1,1,55.275,1,1.275,2.36111,0.0540408,3.30081,53.205,0.5,22.205
648,N,78,9000,30,31,N,1,1,80.025,1,2.025,2.59615,0.0549137,3.31757,53.1725,0.5,22.1725
926,N,60,9000,30,31,N,1,1,60.225,1,0.225,0.375,0.0561089,3.30263,53.1775,0.5,22.1775
544,N,66,9000,30,31,N,1,1,61.875,1,4.125,6.25,0.0542915,3.32143,53.1375,0.5,22.1375
124,A,90,9000,30,31,A,1,1,89.925,1,0.075,0.0833333,3.31663,3.31781,53.12,0.5,22.12
620,N,78,9000,30,31,N,1,1,77.55,1,0.45,0.576923,0.0557195,3.32198,53.1375,0.5,22.1375
137,A,66,9000,30,31,A,1,1,60.225,1,5.775,8.75,3.32156,3.30987,53.1475,0.5,22.1475
109,A,108,9000,30,31,A,1,1,113.85,1,5.85,5.41667,3.32343,3.32266,53.025,0.5,22.025
908,N,84,9000,30,31,N,1,1,84.15,1,0.15,0.178571,0.0564312,3.31615,53.1675,0.5,22.1675
515,N,66,9000,30,31,N,1,1,66,1,0,0,0.0544795,3.32037,53.1375,0.5,22.1375
800,N,63,9000,30,31,N,1,1,60.225,1,2.775,4.40476,0.0562522,3.31299,53.11,0.5,22.11
258,A,108,9000,30,31,A,1,1,110.55,1,2.55,2.36111,3.32215,3.30467,53.1775,0.5,22.1775
944,N,60,9000,30,31,A,1,0,60.225,1,0.225,0.375,3.32242,3.30857,53.0775,0.5,22.0775
389,A,102,9000,30,31,A,1,1,107.25,1,5.25,5.14706,3.31823,3.32426,53.17,0.5,22.17
161,A,90,9000,30,31,A,1,1,89.925,1,0.075,0.0833333,3.31779,3.31825,53.115,0.5,22.115
560,N,60,9000,30,31,N,1,1,60.225,1,0.225,0.375,0.0605594,3.30105,53.195,0.5025,22.195
262,A,132,9000,30,31,A,1,1,132,1,0,0,3.32316,3.323,53.0725,0.5,22.0725
595,N,72,9000,30,31,N,1,1,73.425,1,1.425,1.97917,0.0552584,3.32316,53.1675,0.5,22.1675
826,N,54,9000,30,31,N,1,1,53.625,1,0.375,0.694444,0.0546496,3.32308,53.1725,0.5,22.1725
663,N,72,9000,30,31,N,1,1,71.775,1,0.225,0.3125,0.0550212,3.32181,53.1925,0.5,22.1925
57,A,66,9000,30,31,N,1,0,68.475,1,2.475,3.75,0.0558493,3.30067,53.1725,0.5,22.1725
226,A,114,9000,30,31,A,1,1,113.85,1,0.15,0.131579,3.32231,3.31366,53.1175,0.5,22.1175
931,N,60,9000,30,31,N,1,1,66,1,6,10,0.0568162,3.3158,53.1725,0.5,22.1725
460,A,138,9000,30,31,A,1,1,130.35,1,7.65,5.54348,3.32213,3.31515,53.075,0.5,22.075
77,A,60,9000,30,31,A,1,1,60.225,1,0.225,0.375,3.32272,3.31258,53.1025,0.5,22.1025
392,A,126,9000,30,31,A,1,1,132,1,6,4.7619,3.31862,3.31694,53.1225,0.5,22.1225
830,N,60,9000,30,31,N,1,1,61.875,1,1.875,3.125,0.0543273,3.31583,53.19,0.5,22.19
536,N,84,9000,30,31,N,1,1,84.15,1,0.15,0.178571,0.0558493,3.31328,53.18,0.5,22.18
461,A,102,9000,30,31,A,1,1,108.075,1,6.075,5.95588,3.32229,3.31806,53.1575,0.5,22.1575
657,N,84,9000,30,31,N,1,1,90.75,1,6.75,8.03571,0.0617977,3.29965,53.14,0.5025,22.14
181,A,108,9000,30,31,A,1,1,113.85,1,5.85,5.41667,3.31941,3.31682,53.025,0.5,22.025
145,A,120,9000,30,31,A,1,1,113.85,1,6.15,5.125,3.32231,3.31885,53.1675,0.5,22.1675
453,A,108,9000,30,31,A,1,1,111.375,1,3.375,3.125,3.32251,3.30933,53.025,0.5,22.025
355,A,60,9000,30,31,A,1,1,61.875,1,1.875,3.125,3.32257,3.3122,53.115,0.5,22.115
927,N,60,9000,30,31,N,1,1,60.225,1,0.225,0.375,0.0533425,3.31437,53.165,0.5,22.165
840,N,84,9000,30,31,N,1,1,84.15,1,0.15,0.178571,0.0580606,3.31226,53.1725,0.5,22.1725
713,N,66,9000,30,31,N,1,1,71.775,1,5.775,8.75,0.0561761,3.32359,53.11,0.5,22.11
200,A,102,9000,30,31,A,1,1,103.95,1,1.95,1.91176,3.32238,3.31359,53.1375,0.5,22.1375
709,N,66,9000,30,31,N,1,1,66,1,0,0,0.0542378,3.32326,53.165,0.5,22.165
990,N,84,9000,30,31,N,1,1,85.8,1,1.8,2.14286,0.0564805,3.32271,53.1575,0.5,22.1575
540,N,54,9000,30,31,N,1,1,55.275,1,1.275,2.36111,0.0584904,3.31409,53.1325,0.5,22.1325
710,N,90,9000,30,31,N,1,1,89.925,1,0.075,0.0833333,0.0528009,3.32335,53.16,0.5,22.16
564,N,72,9000,30,31,N,1,1,67.65,1,4.35,6.04167,0.0540453,3.323,53.1575,0.5,22.1575
300,A,48,9000,30,31,A,1,1,42.9,1,5.1,10.625,3.32147,3.30421,53.1125,0.5,22.1125
959,N,78,9000,30,31,N,1,1,78.375,1,0.375,0.480769,0.0587142,3.30273,53.1775,0.5,22.1775
216,A,96,9000,30,31,A,1,1,96.525,1,0.525,0.546875,3.32181,3.30639,53.165,0.5,22.165
988,N,72,9000,30,31,N,1,1,73.425,1,1.425,1.97917,0.0550435,3.32307,53.2,0.5,22.2
158,A,132,9000,30,31,A,1,1,132,1,0,0,3.32084,3.32079,53.11,0.5,22.11
303,A,78,9000,30,31,A,1,1,80.025,1,2.025,2.59615,3.32244,3.3163,53.125,0.5,22.125
433,A,120,9000,30,31,A,1,1,113.85,1,6.15,5.125,3.31864,3.31785,53.165,0.5,22.165
338,A,72,9000,30,31,N,1,0,77.55,1,5.55,7.70833,0.0542646,3.32117,53.155,0.5,22.155
516,N,72,9000,30,31,N,1,1,71.775,1,0.225,0.3125,0.056852,3.31884,53.1475,0.5,22.1475
521,N,54,9000,30,31,N,1,1,56.1,1,2.1,3.88889,0.0551196,3.31988,53.1025,0.5,22.1025
869,N,60,9000,30,31,N,1,1,60.225,1,0.225,0.375,0.057622,3.30479,53.1625,0.5,22.1625
718,N,60,9000,30,31,N,1,1,60.225,1,0.225,0.375,0.0553345,3.31423,53.1775,0.5,22.1775
852,N,78,9000,30,31,N,1,1,80.025,1,2.025,2.59615,0.0604824,3.31023,53.19,0.5,22.19
500,A,60,9000,30,31,A,1,1,60.225,1,0.225,0.375,3.32181,3.31032,53.1025,0.5,22.1025
406,A,132,9000,30,31,A,1,1,132,1,0,0,3.32285,3.32067,53.0775,0.5,22.0775
557,N,60,9000,30,31,N,1,1,59.4,1,0.6,1,0.0542557,3.32317,53.1875,0.5,22.1875
871,N,54,9000,30,31,N,1,1,54.45,1,0.45,0.833333,0.0554688,3.30368,53.1175,0.5,22.1175
292,A,78,9000,30,31,A,1,1,77.55,1,0.45,0.576923,3.31804,3.32344,53.145,0.5,22.145
741,N,60,9000,30,31,N,1,1,62.7,1,2.7,4.5,0.0600482,3.28976,53.175,0.5,22.175
921,N,60,9000,30,31,N,1,1,60.225,1,0.225,0.375,0.0534455,3.31258,53.1525,0.5,22.1525
679,N,54,9000,30,31,N,1,1,56.1,1,2.1,3.88889,0.056561,3.31539,53.1,0.5,22.1
914,N,90,9000,30,31,N,1,1,89.925,1,0.075,0.0833333,0.0550749,3.31955,53.1475,0.5,22.1475
932,N,66,9000,30,31,N,1,1,71.775,1,5.775,8.75,0.058365,3.31506,53.15,0.5,22.15
281,A,66,9000,30,31,A,1,1,59.4,1,6.6,10,3.31806,3.32508,53.1475,0.5,22.1475
855,N,66,9000,30,31,N,1,1,66,1,0,0,0.059511,3.30686,53.17,0.5,22.17
164,A,60,9000,30,31,A,1,1,60.225,1,0.225,0.375,3.32168,3.30115,53.1125,0.5,22.1125
372,A,48,9000,30,31,N,1,0,42.9,1,5.1,10.625,0.0585486,3.3013,53.115,0.5,22.115
660,N,72,9000,30,31,N,1,1,71.775,1,0.225,0.3125,0.0542467,3.32236,53.1575,0.5,22.1575
511,N,72,9000,30,31,N,1,1,72.6,1,0.6,0.833333,0.058221,3.29426,53.175,0.5025,22.175
241,A,96,9000,30,31,A,1,1,99,1,3,3.125,3.32273,3.31468,53.13,0.5,22.13
816,N,66,9000,30,31,N,1,1,67.65,1,1.65,2.5,0.0539692,3.32425,53.11,0.5,22.11
719,N,78,9000,30,31,N,1,1,77.55,1,0.45,0.576923,0.0535753,3.32269,53.1725,0.5,22.1725
645,N,72,9000,30,31,N,1,1,73.425,1,1.425,1.97917,0.0531187,3.32399,53.1825,0.5,22.1825
788,N,54,9000,30,31,N,1,1,54.45,1,0.45,0.833333,0.0536245,3.29889,53.115,0.5,22.115
644,N,84,9000,30,31,N,1,1,84.15,1,0.15,0.178571,0.0528814,3.30872,53.175,0.5,22.175
136,A,108,9000,30,31,A,1,1,108.075,1,0.075,0.0694444,3.32327,3.31786,53.1775,0.5,22.1775
130,A,96,9000,30,31,A,1,1,102.3,1,6.3,6.5625,3.32267,3.31289,53.1775,0.5,22.1775
777,N,60,9000,30,31,N,1,1,60.225,1,0.225,0.375,0.0545377,3.31512,53.1025,0.5,22.1025
208,A,108,9000,30,31,A,1,1,107.25,1,0.75,0.694444,3.31861,3.32437,53.18,0.5,22.18
456,A,102,9000,30,31,A,1,1,100.65,1,1.35,1.32353,3.31713,3.32259,53.1725,0.5,22.1725
67,A,60,9000,30,31,A,1,1,61.875,1,1.875,3.125,3.32086,3.32351,53.1125,0.5,22.1125
960,N,60,9000,30,31,N,1,1,61.875,1,1.875,3.125,0.0532351,3.31871,53.17,0.5,22.17
683,N,60,9000,30,31,N,1,1,60.225,1,0.225,0.375,0.058177,3.30898,53.1425,0.5,22.1425
194,A,72,9000,30,31,N,1,0,78.375,1,6.375,8.85417,0.0594014,3.30344,53.1525,0.5025,22.1525
334,A,132,9000,30,31,A,1,1,132,1,0,0,3.32394,3.32285,53.0775,0.5,22.0775
757,N,54,9000,30,31,N,1,1,60.225,1,6.225,11.5278,0.0556434,3.31433,53.165,0.5,22.165
157,A,120,9000,30,31,A,1,1,113.85,1,6.15,5.125,3.32299,3.32019,53.165,0.5,22.165
377,A,90,9000,30,31,A,1,1,89.925,1,0.075,0.0833333,3.32248,3.31658,53.11,0.5,22.11
149,A,60,9000,30,31,A,1,1,60.225,1,0.225,0.375,3.32233,3.30851,53.1025,0.5,22.1025
735,N,60,9000,30,31,N,1,1,64.35,1,4.35,7.25,0.0558896,3.30776,53.115,0.5,22.115
462,A,102,9000,30,31,A,1,1,104.775,1,2.775,2.72059,3.31896,3.32169,53.1275,0.5,22.1275
434,A,96,9000,30,31,A,1,1,95.7,1,0.3,0.3125,3.31657,3.32289,53.105,0.5,22.105
529,N,54,9000,30,31,N,1,1,54.45,1,0.45,0.833333,0.0529396,3.30124,53.1725,0.5,22.1725
23,A,84,9000,30,31,A,1,1,81.675,1,2.325,2.76786,3.31585,3.31655,53.12,0.5,22.12
879,N,72,9000,30,31,N,1,1,71.775,1,0.225,0.3125,0.0553077,3.3164,53.1525,0.5,22.1525
45,A,66,9000,30,31,N,1,0,66,1,0,0,0.0559791,3.30363,53.1575,0.5,22.1575
394,A,120,9000,30,31,A,1,1,117.15,1,2.85,2.375,3.31607,3.31333,53.14,0.5,22.14
367,A,72,9000,30,31,A,1,1,71.775,1,0.225,0.3125,3.31954,3.32191,53.125,0.5,22.125
505,N,66,9000,30,31,A,1,0,66,1,0,0,3.32109,3.30286,53.1075,0.5,22.1075
324,A,114,9000,30,31,A,1,1,117.15,1,3.15,2.76316,3.32065,3.31904,53.1025,0.5,22.1025
398,A,66,9000,30,31,A,1,1,66,1,0,0,3.32306,3.31674,53.145,0.5,22.145
299,A,72,9000,30,31,A,1,1,72.6,1,0.6,0.833333,3.32276,3.29458,53.0825,0.5,22.0825
795,N,96,9000,30,31,A,1,0,95.7,1,0.3,0.3125,3.32257,3.32462,53.045,0.5,22.045
951,N,66,9000,30,31,N,1,1,66,1,0,0,0.057134,3.30913,53.155,0.5,22.155
279,A,96,9000,30,31,A,1,1,95.7,1,0.3,0.3125,3.32216,3.32412,53.1025,0.5,22.1025
186,A,108,9000,30,31,A,1,1,109.725,1,1.725,1.59722,3.32015,3.32332,53.1725,0.5,22.1725
345,A,66,9000,30,31,N,1,0,67.65,1,1.65,2.5,0.0530694,3.32337,53.1725,0.5,22.1725
750,N,66,9000,30,31,N,1,1,62.7,1,3.3,5,0.0564849,3.2892,53.18,0.5,22.18
38,A,66,9000,30,31,A,1,1,66,1,0,0,3.32117,3.30327,53.1475,0.5,22.1475
47,A,78,9000,30,31,A,1,1,80.025,1,2.025,2.59615,3.32312,3.31685,53.125,0.5,22.125
82,A,114,9000,30,31,A,1,1,113.85,1,0.15,0.131579,3.32058,3.31985,53.1125,0.5,22.1125
933,N,72,9000,30,31,N,1,1,67.65,1,4.35,6.04167,0.0528232,3.32212,53.1525,0.5,22.1525
412,A,90,9000,30,31,A,1,1,89.925,1,0.075,0.0833333,3.32226,3.32148,53.1225,0.5,22.1225
444,A,48,9000,30,31,A,1,1,42.9,1,5.1,10.625,3.32405,3.32342,53.1125,0.5,22.1125
188,A,66,9000,30,31,A,1,1,66,1,0,0,3.31907,3.3115,53.0825,0.5,22.0825
723,N,54,9000,30,31,N,1,1,55.275,1,1.275,2.36111,0.0541662,3.30103,53.1925,0.5,22.1925
266,A,72,9000,30,31,N,1,0,78.375,1,6.375,8.85417,0.0560463,3.30337,53.1525,0.5,22.1525
970,N,60,9000,30,31,N,1,1,60.225,1,0.225,0.375,0.0549898,3.30549,53.1925,0.5,22.1925
911,N,66,9000,30,31,N,1,1,71.775,1,5.775,8.75,0.0559209,3.32419,53.19,0.5,22.19
889,N,72,9000,30,31,N,1,1,71.775,1,0.225,0.3125,0.0529486,3.32144,53.1575,0.5,22.1575
375,A,78,9000,30,31,A,1,1,79.2,1,1.2,1.53846,3.31771,3.32504,53.125,0.5,22.125
786,N,66,9000,30,31,N,1,1,66,1,0,0,0.0601511,3.30813,53.175,0.5,22.175
243,A,96,9000,30,31,A,1,1,90.75,1,5.25,5.46875,3.31742,3.32398,53.1425,0.5,22.1425
771,N,54,9000,30,31,N,1,1,53.625,1,0.375,0.694444,0.0555897,3.32433,53.12,0.5,22.12
417,A,66,9000,30,31,N,1,0,67.65,1,1.65,2.5,0.0546854,3.324,53.175,0.5,22.175
704,N,78,9000,30,31,N,1,1,77.55,1,0.45,0.576923,0.0543228,3.3238,53.1,0.5,22.1
582,N,72,9000,30,31,N,1,1,69.3,1,2.7,3.75,0.0574026,3.30867,53.175,0.5,22.175
40,A,60,9000,30,31,A,1,1,66,1,6,10,3.32043,3.31506,53.11,0.5,22.11
465,A,108,9000,30,31,A,1,1,117.15,1,9.15,8.47222,3.32294,3.31463,53.18,0.5,22.18
364,A,78,9000,30,31,A,1,1,78.375,1,0.375,0.480769,3.32251,3.30294,53.13,0.5,22.13
690,N,72,9000,30,31,N,1,1,71.775,1,0.225,0.3125,0.0576802,3.31301,53.195,0.5,22.195
11,A,72,9000,30,31,A,1,1,71.775,1,0.225,0.3125,3.3225,3.31546,53.0875,0.5,22.0875
681,N,84,9000,30,31,N,1,1,84.15,1,0.15,0.178571,0.0538528,3.30853,53.1525,0.5,22.1525
319,A,108,9000,30,31,A,1,1,108.075,1,0.075,0.0694444,3.31327,3.31037,53.125,0.5025,22.125
154,A,114,9000,30,31,A,1,1,113.85,1,0.15,0.131579,3.32183,3.32095,53.12,0.5,22.12
103,A,108,9000,30,31,A,1,1,108.075,1,0.075,0.0694444,3.32178,3.31171,53.1225,0.5,22.1225
442,A,114,9000,30,31,A,1,1,113.85,1,0.15,0.131579,3.32157,3.32072,53.1125,0.5,22.1125
304,A,114,9000,30,31,A,1,1,107.25,1,6.75,5.92105,3.31537,3.32288,53.1825,0.5,22.1825
619,N,54,9000,30,31,N,1,1,57.75,1,3.75,6.94444,0.0552897,3.32212,53.15,0.5,22.15
91,A,78,9000,30,31,A,1,1,77.55,1,0.45,0.576923,3.31945,3.32328,53.135,0.5,22.135
939,N,84,9000,30,31,N,1,1,86.625,1,2.625,3.125,0.0557687,3.30427,53.155,0.5,22.155
670,N,84,9000,30,31,N,1,1,84.15,1,0.15,0.178571,0.0554285,3.3185,53.1225,0.5,22.1225
382,A,90,9000,30,31,A,1,1,95.7,1,5.7,6.33333,3.3212,3.3015,53.18,0.5,22.18
881,N,84,9000,30,31,N,1,1,80.025,1,3.975,4.73214,0.0576399,3.31492,53.17,0.5,22.17
320,A,126,9000,30,31,A,1,1,132,1,6,4.7619,3.31873,3.31692,53.12,0.5,22.12
893,N,78,9000,30,31,N,1,1,78.375,1,0.375,0.480769,0.0615388,3.30344,53.165,0.5,22.165
26,A,90,9000,30,31,A,1,1,95.7,1,5.7,6.33333,3.32266,3.3231,53.1725,0.5,22.1725
746,N,84,9000,30,31,N,1,1,84.15,1,0.15,0.178571,0.0558001,3.32241,53.185,0.5,22.185
610,N,72,9000,30,31,N,1,1,73.425,1,1.425,1.97917,0.0531097,3.32351,53.095,0.5,22.095
239,A,84,9000,30,31,A,1,1,79.2,1,4.8,5.71429,3.32222,3.30962,53.1125,0.5,22.1125
561,N,66,9000,30,31,N,1,1,68.475,1,2.475,3.75,0.0608178,3.29975,53.1975,0.5025,22.1975
776,N,72,9000,30,31,N,1,1,72.6,1,0.6,0.833333,0.0600034,3.29256,53.15,0.5,22.15
804,N,66,9000,30,31,N,1,1,71.775,1,5.775,8.75,0.0538304,3.32371,53.1975,0.5,22.1975
195,A,96,9000,30,31,A,1,1,95.7,1,0.3,0.3125,3.32234,3.32394,53.125,0.5,22.125
859,N,72,9000,30,31,N,1,1,71.775,1,0.225,0.3125,0.0535439,3.32312,53.075,0.5,22.075
801,N,78,9000,30,31,N,1,1,78.375,1,0.375,0.480769,0.0557866,3.30217,53.1625,0.5,22.1625
313,A,96,9000,30,31,A,1,1,99,1,3,3.125,3.32212,3.31378,53.1325,0.5,22.1325
919,N,72,9000,30,31,N,1,1,73.425,1,1.425,1.97917,0.0546675,3.32202,53.195,0.5,22.195
839,N,66,9000,30,31,N,1,1,66,1,0,0,0.0557284,3.31545,53.185,0.5,22.185
463,A,108,9000,30,31,A,1,1,108.075,1,0.075,0.0694444,3.31323,3.31128,53.115,0.5025,22.115
575,N,84,9000,30,31,N,1,1,84.15,1,0.15,0.178571,0.0590813,3.31337,53.1525,0.5,22.1525
490,A,96,9000,30,31,A,1,1,102.3,1,6.3,6.5625,3.32279,3.31339,53.1875,0.5,22.1875
271,A,66,9000,30,31,A,1,1,71.775,1,5.775,8.75,3.32269,3.31497,53.1425,0.5,22.1425
411,A,96,9000,30,31,A,1,1,95.7,1,0.3,0.3125,3.322,3.32308,53.13,0.5,22.13
716,N,66,9000,30,31,N,1,1,66,1,0,0,0.0580427,3.30317,53.195,0.5,22.195
950,N,78,9000,30,31,N,1,1,77.55,1,0.45,0.576923,0.0535663,3.32158,53.19,0.5,22.19
768,N,66,9000,30,31,N,1,1,66,1,0,0,0.0590096,3.30552,53.1775,0.5,22.1775
413,A,126,9000,30,31,A,1,1,126.225,1,0.225,0.178571,3.31742,3.31231,53.14,0.5,22.14
917,N,90,9000,30,31,N,1,1,89.925,1,0.075,0.0833333,0.0566909,3.32002,53.175,0.5,22.175
400,A,60,9000,30,31,A,1,1,66,1,6,10,3.31765,3.30966,53.1125,0.5,22.1125
513,N,78,9000,30,31,A,1,0,77.55,1,0.45,0.576923,3.31919,3.32401,53.0875,0.5,22.0875
63,A,96,9000,30,31,A,1,1,96.525,1,0.525,0.546875,3.32099,3.30634,53.0925,0.5,22.0925
534,N,60,9000,30,31,N,1,1,61.875,1,1.875,3.125,0.0580069,3.31549,53.1925,0.5,22.1925
399,A,66,9000,30,31,A,1,1,67.65,1,1.65,2.5,3.31979,3.32262,53.1425,0.5,22.1425
785,N,90,9000,30,31,N,1,1,89.925,1,0.075,0.0833333,0.0608579,3.31408,53.175,0.5025,22.175
887,N,60,9000,30,31,N,1,1,62.7,1,2.7,4.5,0.0579532,3.2885,53.21,0.5,22.21
702,N,78,9000,30,31,N,1,1,80.025,1,2.025,2.59615,0.0540364,3.31685,53.14,0.5,22.14
170,A,90,9000,30,31,A,1,1,95.7,1,5.7,6.33333,3.31825,3.32264,53.165,0.5,22.165
46,A,132,9000,30,31,A,1,1,132,1,0,0,3.32289,3.32139,53.0775,0.5,22.0775
876,N,72,9000,30,31,N,1,1,68.475,1,3.525,4.89583,0.0571564,3.30047,53.175,0.5,22.175
827,N,60,9000,30,31,N,1,1,60.225,1,0.225,0.375,0.0568744,3.31502,53.16,0.5,22.16
233,A,90,9000,30,31,A,1,1,89.925,1,0.075,0.0833333,3.32334,3.3191,53.1025,0.5,22.1025
525,N,66,9000,30,31,N,1,1,66,1,0,0,0.0578279,3.30831,53.1425,0.5,22.1425
506,N,72,9000,30,31,N,1,1,73.425,1,1.425,1.97917,0.0542736,3.32178,53.1775,0.5,22.1775
589,N,72,9000,30,31,N,1,1,77.55,1,5.55,7.70833,0.0557284,3.32337,53.1875,0.5,22.1875
629,N,78,9000,30,31,N,1,1,80.025,1,2.025,2.59615,0.0589246,3.30982,53.1,0.5,22.1
494,A,84,9000,30,31,A,1,1,85.8,1,1.8,2.14286,3.32218,3.32262,53.1275,0.5,22.1275
68,A,60,9000,30,31,A,1,1,59.4,1,0.6,1,3.31675,3.32259,53.0975,0.5,22.0975
41,A,84,9000,30,31,A,1,1,80.025,1,3.975,4.73214,3.32223,3.3162,53.165,0.5,22.165
272,A,102,9000,30,31,A,1,1,103.95,1,1.95,1.91176,3.31702,3.31269,53.145,0.5,22.145
742,N,90,9000,30,31,N,1,1,89.925,1,0.075,0.0833333,0.0572012,3.31837,53.14,0.5,22.14
779,N,66,9000,30,31,N,1,1,66,1,0,0,0.0576622,3.30537,53.14,0.5,22.14
596,N,66,9000,30,31,N,1,1,68.475,1,2.475,3.75,0.0578547,3.30028,53.2,0.5,22.2
329,A,84,9000,30,31,A,1,1,80.025,1,3.975,4.73214,3.32167,3.31293,53.1675,0.5,22.1675
954,N,60,9000,30,31,N,1,1,60.225,1,0.225,0.375,0.0569192,3.30974,53.145,0.5,22.145
641,N,72,9000,30,31,N,1,1,74.25,1,2.25,3.125,0.0543049,3.30855,53.175,0.5,22.175
89,A,90,9000,30,31,A,1,1,90.75,1,0.75,0.833333,3.32237,3.29992,53.12,0.5,22.12
846,N,78,9000,30,31,N,1,1,77.55,1,0.45,0.576923,0.0543273,3.32337,53.1775,0.5,22.1775
348,A,54,9000,30,31,A,1,1,55.275,1,1.275,2.36111,3.32122,3.30512,53.1075,0.5,22.1075
973,N,60,9000,30,31,N,1,1,66,1,6,10,0.053244,3.30881,53.17,0.5,22.17
736,N,90,9000,30,31,N,1,1,89.925,1,0.075,0.0833333,0.054869,3.31913,53.1325,0.5,22.1325
796,N,66,9000,30,31,N,1,1,71.775,1,5.775,8.75,0.053065,3.32131,53.1025,0.5,22.1025
432,A,96,9000,30,31,A,1,1,95.7,1,0.3,0.3125,3.31414,3.3204,53.17,0.5,22.17
930,N,66,9000,30,31,N,1,1,66,1,0,0,0.053535,3.3202,53.175,0.5,22.175
340,A,90,9000,30,31,A,1,1,89.925,1,0.075,0.0833333,3.32138,3.31784,53.135,0.5,22.135
860,N,66,9000,30,31,N,1,1,66,1,0,0,0.0509611,3.31416,53.1925,0.5,22.1925
569,N,78,9000,30,31,N,1,1,72.6,1,5.4,6.92308,0.0556658,3.29172,53.145,0.5,22.145
85,A,120,9000,30,31,A,1,1,113.85,1,6.15,5.125,3.32029,3.31988,53.1625,0.5,22.1625
844,N,72,9000,30,31,N,1,1,74.25,1,2.25,3.125,0.0596453,3.30734,53.0775,0.5,22.0775
223,A,72,9000,30,31,A,1,1,71.775,1,0.225,0.3125,3.32164,3.31511,53.115,0.5,22.115
213,A,126,9000,30,31,A,1,1,132,1,6,4.7619,3.31906,3.31162,53.155,0.5,22.155
541,N,66,9000,30,31,N,1,1,67.65,1,1.65,2.5,0.0523174,3.32281,53.16,0.5,22.16
593,N,72,9000,30,31,N,1,1,66,1,6,8.33333,0.0551241,3.31941,53.1275,0.5,22.1275
251,A,72,9000,30,31,A,1,1,72.6,1,0.6,0.833333,3.32236,3.29344,53.1475,0.5,22.1475
55,A,66,9000,30,31,A,1,1,71.775,1,5.775,8.75,3.32188,3.31496,53.1425,0.5,22.1425
18,A,90,9000,30,31,A,1,1,93.225,1,3.225,3.58333,3.32074,3.31451,53.1675,0.5,22.1675
155,A,72,9000,30,31,A,1,1,66,1,6,8.33333,3.31301,3.30365,53.08,0.5025,22.08
259,A,54,9000,30,31,A,1,1,56.1,1,2.1,3.88889,3.3157,3.30295,53.11,0.5,22.11
470,A,66,9000,30,31,A,1,1,66.825,1,0.825,1.25,3.31984,3.28175,53.1525,0.5,22.1525
962,N,72,9000,30,31,N,1,1,74.25,1,2.25,3.125,0.0579622,3.30877,53.1275,0.5,22.1275
949,N,66,9000,30,31,N,1,1,66,1,0,0,0.0555807,3.31228,53.1525,0.5,22.1525
987,N,60,9000,30,31,N,1,1,60.225,1,0.225,0.375,0.0580562,3.30496,53.1375,0.5,22.1375
810,N,72,9000,30,31,N,1,1,71.775,1,0.225,0.3125,0.0538483,3.31377,53.175,0.5,22.175
39,A,66,9000,30,31,A,1,1,68.475,1,2.475,3.75,3.322,3.29893,53.13,0.5,22.13
43,A,54,9000,30,31,A,1,1,54.45,1,0.45,0.833333,3.32214,3.30152,53.12,0.5,22.12
784,N,84,9000,30,31,N,1,1,85.8,1,1.8,2.14286,0.0559925,3.32293,53.185,0.5,22.185
948,N,66,9000,30,31,N,1,1,66,1,0,0,0.0554733,3.31397,53.1825,0.5,22.1825
782,N,60,9000,30,31,N,1,1,61.875,1,1.875,3.125,0.0528277,3.32276,53.165,0.5,22.165
635,N,84,9000,30,31,N,1,1,84.15,1,0.15,0.178571,0.0533649,3.30741,53.16,0.5,22.16
30,A,102,9000,30,31,A,1,1,105.6,1,3.6,3.52941,3.32072,3.30126,53.1275,0.5,22.1275
843,N,72,9000,30,31,N,1,1,77.55,1,5.55,7.70833,0.0538707,3.3222,53.145,0.5,22.145
107,A,72,9000,30,31,A,1,1,71.775,1,0.225,0.3125,3.3155,3.3139,53.1475,0.5,22.1475
369,A,72,9000,30,31,A,1,1,71.775,1,0.225,0.3125,3.32107,3.31824,53.1225,0.5,22.1225
803,N,96,9000,30,31,N,1,1,95.7,1,0.3,0.3125,0.052877,3.32177,53.15,0.5,22.15
522,N,66,9000,30,31,N,1,1,68.475,1,2.475,3.75,0.0596811,3.29981,53.205,0.5,22.205
282,A,90,9000,30,31,A,1,1,89.925,1,0.075,0.0833333,3.3206,3.32252,53.135,0.5,22.135
571,N,72,9000,30,31,N,1,1,71.775,1,0.225,0.3125,0.0539826,3.31924,53.185,0.5,22.185
517,N,60,9000,30,31,N,1,1,60.225,1,0.225,0.375,0.0530202,3.31443,53.105,0.5,22.105
231,A,78,9000,30,31,A,1,1,80.025,1,2.025,2.59615,3.321,3.3114,53.12,0.5,22.12
578,N,54,9000,30,31,N,1,1,54.45,1,0.45,0.833333,0.0530247,3.30052,53.1875,0.5,22.1875
711,N,66,9000,30,31,N,1,1,62.7,1,3.3,5,0.0601601,3.28903,53.1275,0.5,22.1275
275,A,72,9000,30,31,A,1,1,72.6,1,0.6,0.833333,3.32186,3.29337,53.09,0.5,22.09
354,A,90,9000,30,31,A,1,1,89.925,1,0.075,0.0833333,3.31749,3.31896,53.1225,0.5,22.1225
478,A,132,9000,30,31,A,1,1,132,1,0,0,3.32098,3.31403,53.085,0.5,22.085
661,N,60,9000,30,31,A,1,0,61.05,1,1.05,1.75,3.32115,3.30804,53.1375,0.5,22.1375
638,N,72,9000,30,31,N,1,1,71.775,1,0.225,0.3125,0.0575906,3.31664,53.185,0.5,22.185
537,N,96,9000,30,31,N,1,1,96.525,1,0.525,0.546875,0.0592588,3.30612,53.16,0.5025,22.16
98,A,90,9000,30,31,A,1,1,96.525,1,6.525,7.25,3.32113,3.30645,53.1675,0.5,22.1675
81,A,72,9000,30,31,A,1,1,71.775,1,0.225,0.3125,3.3229,3.32284,53.1275,0.5,22.1275
148,A,78,9000,30,31,A,1,1,77.55,1,0.45,0.576923,3.32026,3.32218,53.13,0.5,22.13
819,N,84,9000,30,31,N,1,1,84.15,1,0.15,0.178571,0.0524562,3.31517,53.1025,0.5,22.1025
248,A,126,9000,30,31,A,1,1,135.3,1,9.3,7.38095,3.31474,3.32186,53.12,0.5,22.12
488,A,102,9000,30,31,A,1,1,103.95,1,1.95,1.91176,3.32109,3.31209,53.1325,0.5,22.1325
214,A,132,9000,30,31,A,1,1,136.125,1,4.125,3.125,3.31994,3.31243,53.1125,0.5,22.1125
725,N,72,9000,30,31,N,1,1,71.775,1,0.225,0.3125,0.0540677,3.32026,53.1625,0.5,22.1625
943,N,60,9000,30,31,N,1,1,60.225,1,0.225,0.375,0.0540945,3.31074,53.2025,0.5,22.2025
845,N,72,9000,30,31,N,1,1,71.775,1,0.225,0.3125,0.0544527,3.31231,53.2,0.5,22.2
449,A,90,9000,30,31,A,1,1,89.925,1,0.075,0.0833333,3.32009,3.32287,53.1225,0.5,22.1225
368,A,78,9000,30,31,A,1,1,75.9,1,2.1,2.69231,3.32214,3.32064,53.1175,0.5,22.1175
305,A,90,9000,30,31,A,1,1,89.925,1,0.075,0.0833333,3.32248,3.3207,53.1075,0.5,22.1075
220,A,78,9000,30,31,A,1,1,77.55,1,0.45,0.576923,3.31804,3.32155,53.1275,0.5,22.1275
346,A,96,9000,30,31,A,1,1,102.3,1,6.3,6.5625,3.31159,3.30791,53.1775,0.5025,22.1775
19,A,78,9000,30,31,A,1,1,77.55,1,0.45,0.576923,3.31492,3.31992,53.1325,0.5,22.1325
955,N,54,9000,30,31,N,1,1,54.45,1,0.45,0.833333,0.0545467,3.30144,53.1925,0.5,22.1925
833,N,66,9000,30,31,N,1,1,68.475,1,2.475,3.75,0.056091,3.29802,53.115,0.5,22.115
535,N,72,9000,30,31,N,1,1,72.6,1,0.6,0.833333,0.056194,3.29196,53.17,0.5,22.17
56,A,102,9000,30,31,A,1,1,103.95,1,1.95,1.91176,3.31995,3.31935,53.1275,0.5,22.1275
401,A,84,9000,30,31,A,1,1,80.025,1,3.975,4.73214,3.31782,3.30824,53.1675,0.5,22.1675
858,N,66,9000,30,31,N,1,1,66,1,0,0,0.0429572,3.30376,53.16,0.5,22.16
76,A,78,9000,30,31,A,1,1,77.55,1,0.45,0.576923,3.3165,3.3193,53.13,0.5,22.13
969,N,78,9000,30,31,N,1,1,74.25,1,3.75,4.80769,0.0376303,3.30562,53.1875,0.5,22.1875
295,A,72,9000,30,31,A,1,1,72.6,1,0.6,0.833333,3.31888,3.29064,53.115,0.5,22.115
228,A,48,9000,30,31,A,1,1,42.9,1,5.1,10.625,3.31934,3.31806,53.1175,0.5,22.1175
916,N,60,9000,30,31,N,1,1,60.225,1,0.225,0.375,0.0352668,3.30917,53.175,0.5,22.175
929,N,72,9000,30,31,N,1,1,75.9,1,3.9,5.41667,0.0356517,3.31946,53.19,0.5,22.19
182,A,66,9000,30,31,A,1,1,66,1,0,0,3.31235,3.30117,53.155,0.5,22.155
873,N,66,9000,30,31,N,1,1,66,1,0,0,0.0349489,3.31754,53.16,0.5,22.16
821,N,60,9000,30,31,N,1,1,55.275,1,4.725,7.875,0.0341745,3.30726,53.1125,0.5,22.1125
58,A,96,9000,30,31,A,1,1,101.475,1,5.475,5.70312,3.31245,3.31979,53.185,0.5,22.185
576,N,84,9000,30,31,N,1,1,84.15,1,0.15,0.178571,0.0351101,3.30672,53.145,0.5,22.145
972,N,72,9000,30,31,N,1,1,73.425,1,1.425,1.97917,0.0350608,3.32026,53.1775,0.5,22.1775
957,N,54,9000,30,31,A,1,0,55.275,1,1.275,2.36111,3.31518,3.29637,53.0875,0.5,22.0875
482,A,72,9000,30,31,N,1,0,77.55,1,5.55,7.70833,0.0355309,3.3201,53.1525,0.5,22.1525
402,A,108,9000,30,31,A,1,1,109.725,1,1.725,1.59722,3.31996,3.31971,53.1775,0.5,22.1775
945,N,60,9000,30,31,N,1,1,59.4,1,0.6,1,0.0348057,3.31926,53.1525,0.5,22.1525
772,N,60,9000,30,31,N,1,1,60.225,1,0.225,0.375,0.036838,3.31104,53.1575,0.5,22.1575
342,A,72,9000,30,31,A,1,1,73.425,1,1.425,1.97917,3.31822,3.3209,53.12,0.5,22.12
459,A,96,9000,30,31,A,1,1,90.75,1,5.25,5.46875,3.31385,3.31998,53.145,0.5,22.145
308,A,60,9000,30,31,A,1,1,59.4,1,0.6,1,3.31295,3.32121,53.125,0.5,22.125
288,A,96,9000,30,31,A,1,1,95.7,1,0.3,0.3125,3.31324,3.31976,53.165,0.5,22.165
339,A,96,9000,30,31,A,1,1,96.525,1,0.525,0.546875,3.32015,3.30519,53.125,0.5,22.125
132,A,54,9000,30,31,A,1,1,53.625,1,0.375,0.694444,3.31846,3.32122,53.11,0.5,22.11
551,N,54,9000,30,31,N,1,1,56.1,1,2.1,3.88889,0.0364575,3.30724,53.215,0.5,22.215
277,A,78,9000,30,31,A,1,1,77.55,1,0.45,0.576923,3.31821,3.3205,53.1425,0.5,22.1425
475,A,54,9000,30,31,A,1,1,56.1,1,2.1,3.88889,3.32007,3.31696,53.1125,0.5,22.1125
108,A,114,9000,30,31,A,1,1,117.15,1,3.15,2.76316,3.32155,3.32124,53.0925,0.5,22.0925
720,N,72,9000,30,31,N,1,1,71.775,1,0.225,0.3125,0.0365515,3.3184,53.18,0.5,22.18
915,N,84,9000,30,31,N,1,1,84.15,1,0.15,0.178571,0.0376258,3.31421,53.195,0.5,22.195
397,A,108,9000,30,31,A,1,1,113.85,1,5.85,5.41667,3.32164,3.31821,53.025,0.5,22.025
809,N,66,9000,30,31,N,1,1,66,1,0,0,0.0382525,3.3181,53.2,0.5,22.2
358,A,132,9000,30,31,A,1,1,136.125,1,4.125,3.125,3.31877,3.31438,53.12,0.5,22.12
734,N,78,9000,30,31,N,1,1,80.025,1,2.025,2.59615,0.0367574,3.30401,53.185,0.5,22.185
330,A,108,9000,30,31,A,1,1,110.55,1,2.55,2.36111,3.31882,3.30138,53.175,0.5,22.175
974,N,66,9000,30,31,N,1,1,66,1,0,0,0.037684,3.31898,53.1775,0.5,22.1775
664,N,66,9000,30,31,N,1,1,62.7,1,3.3,5,0.0412607,3.28557,53.17,0.5,22.17
658,N,72,9000,30,31,N,1,1,71.775,1,0.225,0.3125,0.0369857,3.3201,53.1975,0.5,22.1975
773,N,78,9000,30,31,A,1,0,77.55,1,0.45,0.576923,3.32035,3.3195,53.12,0.5,22.12
370,A,114,9000,30,31,A,1,1,113.85,1,0.15,0.131579,3.32235,3.32078,53.12,0.5,22.12
967,N,54,9000,30,31,N,1,1,56.1,1,2.1,3.88889,0.0377288,3.30677,53.1875,0.5,22.1875
770,N,84,9000,30,31,N,1,1,84.15,1,0.15,0.178571,0.0376169,3.3134,53.185,0.5,22.185
419,A,72,9000,30,31,A,1,1,71.775,1,0.225,0.3125,3.31983,3.31433,53.0925,0.5,22.0925
899,N,90,9000,30,31,N,1,1,89.925,1,0.075,0.0833333,0.0390762,3.31872,53.18,0.5,22.18
586,N,66,9000,30,31,N,1,1,66,1,0,0,0.0396805,3.31232,53.1225,0.5,22.1225
318,A,102,9000,30,31,A,1,1,105.6,1,3.6,3.52941,3.3187,3.30066,53.1275,0.5,22.1275
677,N,72,9000,30,31,N,1,1,71.775,1,0.225,0.3125,0.0378989,3.31245,53.1925,0.5,22.1925
446,A,132,9000,30,31,A,1,1,132,1,0,0,3.32009,3.3181,53.09,0.5,22.09
976,N,78,9000,30,31,N,1,1,69.3,1,8.7,11.1538,0.0376303,3.32033,53.14,0.5,22.14
783,N,54,9000,30,31,A,1,0,56.1,1,2.1,3.88889,3.31882,3.31398,53.1275,0.5,22.1275
144,A,96,9000,30,31,A,1,1,95.7,1,0.3,0.3125,3.31781,3.32136,53.1675,0.5,22.1675
147,A,102,9000,30,31,A,1,1,104.775,1,2.775,2.72059,3.32082,3.32138,53.0775,0.5,22.0775
388,A,138,9000,30,31,A,1,1,130.35,1,7.65,5.54348,3.31967,3.3129,53.0675,0.5,22.0675
531,N,72,9000,30,31,N,1,1,73.425,1,1.425,1.97917,0.0383689,3.32119,53.19,0.5,22.19
799,N,48,9000,30,31,N,1,1,48.675,1,0.675,1.40625,0.0406653,3.30422,53.1675,0.5,22.1675
906,N,72,9000,30,31,A,1,0,71.775,1,0.225,0.3125,3.31533,3.31626,53.1,0.5,22.1
994,N,60,9000,30,31,N,1,1,60.225,1,0.225,0.375,0.0377064,3.3029,53.1725,0.5,22.1725
977,N,66,9000,30,31,N,1,1,66,1,0,0,0.0371021,3.31217,53.185,0.5,22.185
891,N,60,9000,30,31,N,1,1,60.225,1,0.225,0.375,0.0424827,3.30278,53.165,0.5,22.165
33,A,108,9000,30,31,A,1,1,117.15,1,9.15,8.47222,3.31453,3.31198,53.18,0.5,22.18
913,N,60,9000,30,31,A,1,0,60.225,1,0.225,0.375,3.31585,3.29889,53.1275,0.5,22.1275
205,A,78,9000,30,31,A,1,1,78.375,1,0.375,0.480769,3.31949,3.30014,53.1375,0.5,22.1375
1,A,120,9000,30,31,A,1,1,113.85,1,6.15,5.125,3.31953,3.31087,53.1575,0.5,22.1575
273,A,66,9000,30,31,N,1,0,67.65,1,1.65,2.5,0.0377288,3.31999,53.175,0.5,22.175
806,N,90,9000,30,31,N,1,1,85.8,1,4.2,4.66667,0.0384898,3.31828,53.105,0.5,22.105
16,A,114,9000,30,31,A,1,1,108.075,1,5.925,5.19737,3.31806,3.31173,53.1875,0.5,22.1875
923,N,60,9000,30,31,N,1,1,60.225,1,0.225,0.375,0.0372408,3.30247,53.175,0.5,22.175
699,N,84,9000,30,31,N,1,1,80.025,1,3.975,4.73214,0.0391568,3.3139,53.1675,0.5,22.1675
591,N,72,9000,30,31,N,1,1,74.25,1,2.25,3.125,0.0399849,3.30724,53.21,0.5,22.21
912,N,66,9000,30,31,N,1,1,58.575,1,7.425,11.25,0.0448185,3.29374,53.1425,0.5025,22.1425
221,A,60,9000,30,31,A,1,1,60.225,1,0.225,0.375,3.31867,3.30182,53.1,0.5,22.1
353,A,66,9000,30,31,A,1,1,60.225,1,5.775,8.75,3.31805,3.30361,53.1525,0.5,22.1525
715,N,96,9000,30,31,N,1,1,80.025,1,15.975,16.6406,0.0381988,3.30561,53.13,0.5,22.13
70,A,132,9000,30,31,A,1,1,132,1,0,0,3.3208,3.31923,53.115,0.5,22.115
825,N,96,9000,30,31,N,1,1,89.925,1,6.075,6.32812,0.0384137,3.32115,53.135,0.5,22.135
217,A,120,9000,30,31,A,1,1,113.85,1,6.15,5.125,3.3174,3.31588,53.1625,0.5,22.1625
761,N,60,9000,30,31,N,1,1,60.225,1,0.225,0.375,0.0389598,3.30629,53.1425,0.5,22.1425
802,N,66,9000,30,31,N,1,1,66,1,0,0,0.0392329,3.31913,53.17,0.5,22.17
7,A,72,9000,30,31,A,1,1,71.775,1,0.225,0.3125,3.32051,3.3218,53.13,0.5,22.13
823,N,96,9000,30,31,N,1,1,99,1,3,3.125,0.0397745,3.31854,53.1375,0.5,22.1375
278,A,84,9000,30,31,A,1,1,85.8,1,1.8,2.14286,3.31775,3.32068,53.125,0.5,22.125
227,A,72,9000,30,31,A,1,1,66,1,6,8.33333,3.32052,3.31783,53.085,0.5,22.085
749,N,72,9000,30,31,N,1,1,71.775,1,0.225,0.3125,0.0403564,3.31581,53.175,0.5,22.175
471,A,66,9000,30,31,A,1,1,68.475,1,2.475,3.75,3.32133,3.2991,53.135,0.5,22.135
435,A,102,9000,30,31,A,1,1,105.6,1,3.6,3.52941,3.32037,3.30151,53.065,0.5,22.065
539,N,60,9000,30,31,A,1,0,60.225,1,0.225,0.375,3.32066,3.30618,53.1125,0.5,22.1125
477,A,66,9000,30,31,N,1,0,66,1,0,0,0.0387942,3.3155,53.135,0.5,22.135
731,N,72,9000,30,31,N,1,1,72.6,1,0.6,0.833333,0.0436645,3.29191,53.1975,0.5,22.1975
680,N,54,9000,30,31,A,1,0,54.45,1,0.45,0.833333,3.32021,3.30053,53.0825,0.5,22.0825
633,N,84,9000,30,31,N,1,1,84.15,1,0.15,0.178571,0.038454,3.31596,53.145,0.5,22.145
760,N,78,9000,30,31,N,1,1,77.55,1,0.45,0.576923,0.039779,3.32181,53.14,0.5,22.14
778,N,72,9000,30,31,N,1,1,70.125,1,1.875,2.60417,0.0452238,3.3015,53.165,0.5025,22.165
237,A,108,9000,30,31,A,1,1,111.375,1,3.375,3.125,3.32001,3.30711,53.0325,0.5,22.0325
733,N,66,9000,30,31,A,1,0,70.125,1,4.125,6.25,3.32035,3.31102,53.1225,0.5,22.1225
491,A,72,9000,30,31,A,1,1,71.775,1,0.225,0.3125,3.32107,3.32231,53.0975,0.5,22.0975
261,A,66,9000,30,31,N,1,0,66,1,0,0,0.0412383,3.31638,53.1375,0.5,22.1375
423,A,96,9000,30,31,A,1,1,95.7,1,0.3,0.3125,3.31783,3.32296,53.0975,0.5,22.0975
387,A,96,9000,30,31,A,1,1,91.575,1,4.425,4.60937,3.32142,3.30539,53.1375,0.5,22.1375
128,A,102,9000,30,31,A,1,1,103.95,1,1.95,1.91176,3.31994,3.31774,53.1425,0.5,22.1425
263,A,78,9000,30,31,A,1,1,80.025,1,2.025,2.59615,3.32162,3.31276,53.13,0.5,22.13
176,A,126,9000,30,31,A,1,1,136.125,1,10.125,8.03571,3.32068,3.31648,53.12,0.5,22.12
748,N,72,9000,30,31,N,1,1,74.25,1,2.25,3.125,0.0393179,3.30764,53.1525,0.5,22.1525
428,A,60,9000,30,31,A,1,1,60.225,1,0.225,0.375,3.31982,3.30029,53.0975,0.5,22.0975
268,A,90,9000,30,31,A,1,1,89.925,1,0.075,0.0833333,3.31574,3.31628,53.1275,0.5,22.1275
293,A,60,9000,30,31,A,1,1,60.225,1,0.225,0.375,3.32075,3.30637,53.0975,0.5,22.0975
543,N,72,9000,30,31,N,1,1,71.775,1,0.225,0.3125,0.039591,3.32326,53.2025,0.5,22.2025
651,N,72,9000,30,31,N,1,1,74.25,1,2.25,3.125,0.039685,3.30881,53.1875,0.5,22.1875
616,N,66,9000,30,31,N,1,1,71.775,1,5.775,8.75,0.0394925,3.32107,53.175,0.5,22.175
724,N,78,9000,30,31,N,1,1,77.55,1,0.45,0.576923,0.0403788,3.32353,53.1975,0.5,22.1975
92,A,60,9000,30,31,A,1,1,60.225,1,0.225,0.375,3.32284,3.31463,53.1175,0.5,22.1175
695,N,72,9000,30,31,N,1,1,67.65,1,4.35,6.04167,0.0396357,3.32122,53.1325,0.5,22.1325
968,N,54,9000,30,31,N,1,1,53.625,1,0.375,0.694444,0.0385256,3.32151,53.1075,0.5,22.1075
849,N,78,9000,30,31,N,1,1,77.55,1,0.45,0.576923,0.0400699,3.32417,53.19,0.5,22.19
116,A,66,9000,30,31,A,1,1,66,1,0,0,3.32185,3.31457,53.085,0.5,22.085
257,A,84,9000,30,31,A,1,1,80.025,1,3.975,4.73214,3.32169,3.31371,53.17,0.5,22.17
922,N,96,9000,30,31,N,1,1,95.7,1,0.3,0.3125,0.0410727,3.32252,53.1475,0.5,22.1475
878,N,78,9000,30,31,N,1,1,77.55,1,0.45,0.576923,0.0403027,3.32313,53.1925,0.5,22.1925
708,N,66,9000,30,31,N,1,1,66,1,0,0,0.0433288,3.31104,53.145,0.5,22.145
877,N,96,9000,30,31,N,1,1,99,1,3,3.125,0.043942,3.31659,53.1675,0.5,22.1675
445,A,120,9000,30,31,A,1,1,113.85,1,6.15,5.125,3.31936,3.31763,53.1675,0.5,22.1675
127,A,66,9000,30,31,A,1,1,71.775,1,5.775,8.75,3.32246,3.31887,53.15,0.5,22.15
469,A,108,9000,30,31,A,1,1,113.85,1,5.85,5.41667,3.31745,3.3151,53.02,0.5,22.02
836,N,66,9000,30,31,N,1,1,66,1,0,0,0.0400162,3.31436,53.1975,0.5,22.1975
51,A,96,9000,30,31,A,1,1,96.525,1,0.525,0.546875,3.32097,3.30453,53.13,0.5,22.13
418,A,96,9000,30,31,A,1,1,102.3,1,6.3,6.5625,3.32098,3.30996,53.1875,0.5,22.1875
862,N,96,9000,30,31,A,1,0,95.7,1,0.3,0.3125,3.32026,3.3223,53.1275,0.5,22.1275
562,N,72,9000,30,31,N,1,1,68.475,1,3.525,4.89583,0.04054,3.29822,53.18,0.5,22.18
940,N,72,9000,30,31,N,1,1,66,1,6,8.33333,0.0395014,3.31227,53.1125,0.5,22.1125
920,N,78,9000,30,31,N,1,1,77.55,1,0.45,0.576923,0.0396492,3.32252,53.1325,0.5,22.1325
325,A,108,9000,30,31,A,1,1,113.85,1,5.85,5.41667,3.32294,3.31998,53.0125,0.5,22.0125
3,A,102,9000,30,31,A,1,1,104.775,1,2.775,2.72059,3.31846,3.32027,53.07,0.5,22.07
995,N,66,9000,30,31,N,1,1,67.65,1,1.65,2.5,0.0404191,3.32395,53.185,0.5,22.185
117,A,66,9000,30,31,N,1,0,66,1,0,0,0.0409205,3.32228,53.125,0.5,22.125
254,A,66,9000,30,31,A,1,1,66,1,0,0,3.32134,3.31799,53.155,0.5,22.155
289,A,120,9000,30,31,A,1,1,113.85,1,6.15,5.125,3.32219,3.31571,53.1575,0.5,22.1575
476,A,66,9000,30,31,A,1,1,66,1,0,0,3.32141,3.30858,53.0775,0.5,22.0775
897,N,72,9000,30,31,N,1,1,72.6,1,0.6,0.833333,0.0455043,3.29373,53.1525,0.5,22.1525
247,A,108,9000,30,31,A,1,1,107.25,1,0.75,0.694444,3.31605,3.32373,53.12,0.5,22.12
448,A,114,9000,30,31,A,1,1,107.25,1,6.75,5.92105,3.3169,3.32392,53.1825,0.5,22.1825
766,N,63,9000,30,31,A,1,0,55.275,1,7.725,12.2619,3.32403,3.31521,53.13,0.5,22.13
573,N,72,9000,30,31,N,1,1,73.425,1,1.425,1.97917,0.0418023,3.32453,53.16,0.5,22.16
94,A,90,9000,30,31,A,1,1,94.875,1,4.875,5.41667,3.3201,3.32329,53.175,0.5,22.175
789,N,66,9000,30,31,A,1,0,80.025,1,14.025,21.25,3.32299,3.31308,53.1775,0.5,22.1775
315,A,96,9000,30,31,A,1,1,90.75,1,5.25,5.46875,3.31849,3.32426,53.14,0.5,22.14
15,A,78,9000,30,31,A,1,1,80.025,1,2.025,2.59615,3.32028,3.30897,53.1275,0.5,22.1275
250,A,120,9000,30,31,A,1,1,117.15,1,2.85,2.375,3.32257,3.3166,53.1425,0.5,22.1425
621,N,78,9000,30,31,N,1,1,77.55,1,0.45,0.576923,0.0405176,3.32404,53.1825,0.5,22.1825
805,N,60,9000,30,31,N,1,1,60.225,1,0.225,0.375,0.0400923,3.31274,53.1975,0.5,22.1975
608,N,90,9000,30,31,N,1,1,89.925,1,0.075,0.0833333,0.0413905,3.32409,53.16,0.5,22.16
13,A,120,9000,30,31,A,1,1,113.85,1,6.15,5.125,3.32245,3.31806,53.1675,0.5,22.1675
440,A,78,9000,30,31,A,1,1,75.9,1,2.1,2.69231,3.32004,3.31581,53.1125,0.5,22.1125
133,A,78,9000,30,31,A,1,1,78.375,1,0.375,0.480769,3.32217,3.30304,53.1325,0.5,22.1325
526,N,66,9000,30,31,N,1,1,66,1,0,0,0.0403206,3.30393,53.195,0.5,22.195
676,N,96,9000,30,31,N,1,1,95.7,1,0.3,0.3125,0.0411353,3.32356,53.11,0.5,22.11
693,N,60,9000,30,31,N,1,1,60.225,1,0.225,0.375,0.0428498,3.31318,53.1525,0.5,22.1525
135,A,96,9000,30,31,A,1,1,95.7,1,0.3,0.3125,3.31657,3.32278,53.0975,0.5,22.0975
857,N,66,9000,30,31,N,1,1,66,1,0,0,0.044891,3.30727,53.1725,0.5,22.1725
174,A,102,9000,30,31,A,1,1,104.775,1,2.775,2.72059,3.31982,3.32216,53.125,0.5,22.125
66,A,90,9000,30,31,A,1,1,89.925,1,0.075,0.0833333,3.32287,3.31839,53.135,0.5,22.135
875,N,72,9000,30,31,N,1,1,67.65,1,4.35,6.04167,0.040813,3.32421,53.165,0.5,22.165
393,A,108,9000,30,31,A,1,1,117.15,1,9.15,8.47222,3.31564,3.31316,53.1825,0.5,22.1825
588,N,72,9000,30,31,A,1,0,77.55,1,5.55,7.70833,3.32254,3.32574,53.0325,0.5,22.0325
567,N,78,9000,30,31,N,1,1,84.975,1,6.975,8.94231,0.0426036,3.32024,53.145,0.5,22.145
792,N,78,9000,30,31,N,1,1,77.55,1,0.45,0.576923,0.0404997,3.32324,53.1,0.5,22.1
639,N,84,9000,30,31,N,1,1,84.15,1,0.15,0.178571,0.0422858,3.3245,53.16,0.5,22.16
910,N,84,9000,30,31,N,1,1,84.15,1,0.15,0.178571,0.0417575,3.31134,53.1975,0.5,22.1975
350,A,84,9000,30,31,A,1,1,86.625,1,2.625,3.125,3.32158,3.30475,53.1275,0.5,22.1275
817,N,78,9000,30,31,N,1,1,79.2,1,1.2,1.53846,0.0469298,3.32443,53.0975,0.5025,22.0975
752,N,60,9000,30,31,N,1,1,60.225,1,0.225,0.375,0.0410234,3.31099,53.185,0.5,22.185
420,A,54,9000,30,31,A,1,1,54.45,1,0.45,0.833333,3.32252,3.30406,53.1075,0.5,22.1075
79,A,72,9000,30,31,A,1,1,71.775,1,0.225,0.3125,3.32312,3.31433,53.115,0.5,22.115
866,N,72,9000,30,31,N,1,1,72.6,1,0.6,0.833333,0.0459161,3.29458,53.1275,0.5,22.1275
883,N,84,9000,30,31,N,1,1,84.15,1,0.15,0.178571,0.0441256,3.31361,53.15,0.5,22.15
373,A,120,9000,30,31,A,1,1,113.85,1,6.15,5.125,3.32271,3.31447,53.16,0.5,22.16
851,N,66,9000,30,31,N,1,1,68.475,1,2.475,3.75,0.0417844,3.29957,53.1625,0.5,22.1625
404,A,66,9000,30,31,A,1,1,66,1,0,0,3.32144,3.31666,53.085,0.5,22.085
347,A,72,9000,30,31,A,1,1,71.775,1,0.225,0.3125,3.32075,3.32418,53.085,0.5,22.085
472,A,60,9000,30,31,A,1,1,66,1,6,10,3.32325,3.32227,53.11,0.5,22.11
867,N,90,9000,30,31,N,1,1,85.8,1,4.2,4.66667,0.0409384,3.32319,53.1775,0.5,22.1775
775,N,72,9000,30,31,N,1,1,71.775,1,0.225,0.3125,0.0402803,3.32033,53.19,0.5,22.19
396,A,114,9000,30,31,A,1,1,117.15,1,3.15,2.76316,3.32292,3.32293,53.0875,0.5,22.0875
604,N,72,9000,30,31,N,1,1,71.775,1,0.225,0.3125,0.0420664,3.321,53.1875,0.5,22.1875
37,A,108,9000,30,31,A,1,1,113.85,1,5.85,5.41667,3.32219,3.31375,53.0225,0.5,22.0225
225,A,72,9000,30,31,A,1,1,71.775,1,0.225,0.3125,3.32228,3.32359,53.11,0.5,22.11
730,N,90,9000,30,31,N,1,1,89.925,1,0.075,0.0833333,0.0422052,3.32447,53.1775,0.5,22.1775
337,A,66,9000,30,31,A,1,1,60.225,1,5.775,8.75,3.32149,3.30679,53.1225,0.5,22.1225
609,N,60,9000,30,31,N,1,1,60.225,1,0.225,0.375,0.041395,3.31254,53.16,0.5,22.16
290,A,96,9000,30,31,A,1,1,95.7,1,0.3,0.3125,3.32009,3.32412,53.1,0.5,22.1
617,N,72,9000,30,31,N,1,1,74.25,1,2.25,3.125,0.0466682,3.30939,53.13,0.5,22.13
656,N,90,9000,30,31,N,1,1,84.15,1,5.85,6.5,0.04661,3.30931,53.175,0.5,22.175
559,N,54,9000,30,31,N,1,1,54.45,1,0.45,0.833333,0.0454595,3.30101,53.165,0.5,22.165
139,A,60,9000,30,31,A,1,1,62.7,1,2.7,4.5,3.32163,3.28855,53.1175,0.5,22.1175
682,N,90,9000,30,31,N,1,1,95.7,1,5.7,6.33333,0.0409921,3.32402,53.2075,0.5,22.2075
64,A,108,9000,30,31,A,1,1,108.075,1,0.075,0.0694444,3.32303,3.31713,53.18,0.5,22.18
151,A,72,9000,30,31,A,1,1,71.775,1,0.225,0.3125,3.31714,3.31652,53.1175,0.5,22.1175
352,A,108,9000,30,31,A,1,1,108.075,1,0.075,0.0694444,3.32225,3.31631,53.1775,0.5,22.1775
510,N,66,9000,30,31,N,1,1,67.65,1,1.65,2.5,0.0413323,3.32365,53.1875,0.5,22.1875
189,A,66,9000,30,31,N,1,0,66,1,0,0,0.040258,3.30867,53.13,0.5,22.13
623,N,54,9000,30,31,N,1,1,54.45,1,0.45,0.833333,0.0427916,3.30403,53.1675,0.5,22.1675
201,A,66,9000,30,31,N,1,0,67.65,1,1.65,2.5,0.0419903,3.32317,53.1725,0.5,22.1725
631,N,66,9000,30,31,N,1,1,71.775,1,5.775,8.75,0.0408802,3.32427,53.17,0.5,22.17
979,N,96,9000,30,31,N,1,1,95.7,1,0.3,0.3125,0.0421515,3.32497,53.1375,0.5,22.1375
853,N,66,9000,30,31,N,1,1,67.65,1,1.65,2.5,0.041395,3.32008,53.1975,0.5,22.1975
284,A,60,9000,30,31,A,1,1,60.225,1,0.225,0.375,3.32215,3.30685,53.1025,0.5,22.1025
193,A,66,9000,30,31,A,1,1,60.225,1,5.775,8.75,3.32415,3.31505,53.1375,0.5,22.1375
563,N,90,9000,30,31,N,1,1,90.75,1,0.75,0.833333,0.0465294,3.30052,53.14,0.5,22.14
808,N,60,9000,30,31,N,1,1,60.225,1,0.225,0.375,0.0436735,3.31406,53.16,0.5,22.16
992,N,90,9000,30,31,N,1,1,84.15,1,5.85,6.5,0.0416412,3.31607,53.1475,0.5,22.1475
84,A,48,9000,30,31,A,1,1,42.9,1,5.1,10.625,3.31781,3.29954,53.1125,0.5,22.1125
599,N,72,9000,30,31,N,1,1,72.6,1,0.6,0.833333,0.0453208,3.29375,53.12,0.5,22.12
425,A,66,9000,30,31,A,1,1,60.225,1,5.775,8.75,3.32114,3.30638,53.16,0.5,22.16
48,A,78,9000,30,31,A,1,1,78.375,1,0.375,0.480769,3.32342,3.30425,53.1275,0.5,22.1275
452,A,60,9000,30,31,A,1,1,60.225,1,0.225,0.375,3.31965,3.303,53.1175,0.5,22.1175
640,N,84,9000,30,31,A,1,0,84.15,1,0.15,0.178571,3.32236,3.32182,53.105,0.5,22.105
298,A,114,9000,30,31,A,1,1,113.85,1,0.15,0.131579,3.32443,3.32439,53.12,0.5,22.12
812,N,72,9000,30,31,N,1,1,68.475,1,3.525,4.89583,0.0456834,3.30107,53.125,0.5,22.125
162,A,90,9000,30,31,A,1,1,92.4,1,2.4,2.66667,3.32249,3.31142,53.1725,0.5,22.1725
958,N,84,9000,30,31,N,1,1,84.15,1,0.15,0.178571,0.0430423,3.32061,53.1625,0.5,22.1625
297,A,72,9000,30,31,A,1,1,71.775,1,0.225,0.3125,3.32376,3.32233,53.1225,0.5,22.1225
814,N,60,9000,30,31,N,1,1,60.225,1,0.225,0.375,0.0411085,3.31252,53.1925,0.5,22.1925
678,N,72,9000,30,31,N,1,1,70.125,1,1.875,2.60417,0.0397924,3.30344,53.175,0.5,22.175
204,A,54,9000,30,31,A,1,1,54.45,1,0.45,0.833333,3.3238,3.30488,53.1075,0.5,22.1075
946,N,78,9000,30,31,N,1,1,80.025,1,2.025,2.59615,0.0441121,3.31653,53.18,0.5,22.18
234,A,90,9000,30,31,A,1,1,93.225,1,3.225,3.58333,3.32246,3.31386,53.1725,0.5,22.1725
538,N,66,9000,30,31,N,1,1,66,1,0,0,0.0458714,3.30815,53.17,0.5,22.17
603,N,60,9000,30,31,N,1,1,60.225,1,0.225,0.375,0.0433288,3.31491,53.12,0.5,22.12
880,N,84,9000,30,31,N,1,1,84.15,1,0.15,0.178571,0.04148,3.31,53.0725,0.5,22.0725
473,A,84,9000,30,31,A,1,1,80.025,1,3.975,4.73214,3.32365,3.31793,53.1625,0.5,22.1625
698,N,60,9000,30,31,N,1,1,60.225,1,0.225,0.375,0.0463548,3.30665,53.175,0.5,22.175
430,A,132,9000,30,31,A,1,1,136.125,1,4.125,3.125,3.32082,3.3162,53.13,0.5,22.13
168,A,102,9000,30,31,A,1,1,101.475,1,0.525,0.514706,3.32216,3.30756,53.1675,0.5,22.1675
552,N,72,9000,30,31,N,1,1,71.775,1,0.225,0.3125,0.0416815,3.32008,53.1275,0.5,22.1275
146,A,96,9000,30,31,A,1,1,96.525,1,0.525,0.546875,3.32285,3.30701,53.095,0.5,22.095
874,N,72,9000,30,31,N,1,1,74.25,1,2.25,3.125,0.0450253,3.30945,53.2125,0.5,22.2125
614,N,66,9000,30,31,N,1,1,66,1,0,0,0.043002,3.31707,53.1625,0.5,22.1625
684,N,84,9000,30,31,N,1,1,86.625,1,2.625,3.125,0.042335,3.3049,53.1375,0.5,22.1375
238,A,90,9000,30,31,A,1,1,92.4,1,2.4,2.66667,3.32306,3.31291,53.1775,0.5,22.1775
550,N,84,9000,30,31,A,1,0,78.375,1,5.625,6.69643,3.32293,3.30314,53.085,0.5,22.085
134,A,84,9000,30,31,A,1,1,85.8,1,1.8,2.14286,3.31854,3.32323,53.1275,0.5,22.1275
625,N,72,9000,30,31,N,1,1,66.825,1,5.175,7.1875,0.041189,3.3177,53.1675,0.5,22.1675
455,A,84,9000,30,31,A,1,1,81.675,1,2.325,2.76786,3.32361,3.32073,53.1225,0.5,22.1225
744,N,48,9000,30,31,N,1,1,53.625,1,5.625,11.7188,0.0403743,3.32282,53.1325,0.5,22.1325
314,A,90,9000,30,31,A,1,1,99,1,9,10,3.31696,3.31228,53.165,0.5,22.165
17,A,90,9000,30,31,A,1,1,89.925,1,0.075,0.0833333,3.32348,3.31741,53.1225,0.5,22.1225
577,N,72,9000,30,31,N,1,1,72.6,1,0.6,0.833333,0.0457863,3.29498,53.17,0.5,22.17
514,N,78,9000,30,31,N,1,1,71.775,1,6.225,7.98077,0.043857,3.31852,53.1825,0.5,22.1825
892,N,72,9000,30,31,N,1,1,72.6,1,0.6,0.833333,0.0459519,3.295,53.1925,0.5,22.1925
963,N,60,9000,30,31,A,1,0,63.525,1,3.525,5.875,3.32359,3.29921,53.065,0.5,22.065
190,A,132,9000,30,31,A,1,1,132.825,1,0.825,0.625,3.31971,3.32304,53.0675,0.5,22.0675
447,A,78,9000,30,31,A,1,1,84.15,1,6.15,7.88462,3.31842,3.31355,53.1175,0.5,22.1175
185,A,84,9000,30,31,A,1,1,81.675,1,2.325,2.76786,3.32395,3.31759,53.16,0.5,22.16
646,N,72,9000,30,31,N,1,1,72.6,1,0.6,0.833333,0.0468025,3.29493,53.125,0.5,22.125
732,N,72,9000,30,31,N,1,1,72.6,1,0.6,0.833333,0.0483513,3.295,53.155,0.5,22.155
601,N,72,9000,30,31,N,1,1,71.775,1,0.225,0.3125,0.0424738,3.32568,53.1875,0.5,22.1875
12,A,48,9000,30,31,A,1,1,43.725,1,4.275,8.90625,3.32392,3.31105,53.115,0.5,22.115
508,N,84,9000,30,31,N,1,1,81.675,1,2.325,2.76786,0.0429438,3.31903,53.105,0.5,22.105
864,N,78,9000,30,31,N,1,1,77.55,1,0.45,0.576923,0.0421425,3.32461,53.15,0.5,22.15
666,N,72,9000,30,31,N,1,1,78.375,1,6.375,8.85417,0.0482036,3.30372,53.1675,0.5,22.1675
753,N,90,9000,30,31,N,1,1,94.875,1,4.875,5.41667,0.0415651,3.32405,53.145,0.5,22.145
691,N,78,9000,30,31,N,1,1,77.55,1,0.45,0.576923,0.0417978,3.32394,53.165,0.5,22.165
705,N,60,9000,30,31,A,1,0,62.7,1,2.7,4.5,3.32567,3.324,53.0575,0.5,22.0575
59,A,72,9000,30,31,A,1,1,72.6,1,0.6,0.833333,3.31414,3.29457,53.095,0.5025,22.095
121,A,66,9000,30,31,A,1,1,60.225,1,5.775,8.75,3.3218,3.3087,53.1225,0.5,22.1225
203,A,72,9000,30,31,A,1,1,72.6,1,0.6,0.833333,3.3231,3.29427,53.1025,0.5,22.1025
745,N,66,9000,30,31,N,1,1,70.125,1,4.125,6.25,0.0466592,3.3097,53.1825,0.5,22.1825
637,N,72,9000,30,31,N,1,1,71.775,1,0.225,0.3125,0.0407056,3.31616,53.17,0.5,22.17
554,N,66,9000,30,31,N,1,1,66,1,0,0,0.0452536,3.31357,53.1125,0.5,22.1125
73,A,120,9000,30,31,A,1,1,120.45,1,0.45,0.375,3.32232,3.3138,53.1675,0.5,22.1675
726,N,66,9000,30,31,N,1,1,70.125,1,4.125,6.25,0.046046,3.3107,53.175,0.5,22.175
101,A,102,9000,30,31,A,1,1,102.3,1,0.3,0.294118,3.32392,3.31459,53.1625,0.5,22.1625
215,A,60,9000,30,31,A,1,1,60.225,1,0.225,0.375,3.32258,3.30876,53.1025,0.5,22.1025
907,N,72,9000,30,31,N,1,1,71.775,1,0.225,0.3125,0.0426394,3.31463,53.16,0.5,22.16
362,A,96,9000,30,31,A,1,1,94.875,1,1.125,1.17188,3.32335,3.31969,53.1,0.5,22.1
172,A,138,9000,30,31,A,1,1,137.775,1,0.225,0.163043,3.31727,3.32024,53.0625,0.5,22.0625
32,A,126,9000,30,31,A,1,1,132,1,6,4.7619,3.32335,3.31697,53.1125,0.5,22.1125
829,N,60,9000,30,31,N,1,1,60.225,1,0.225,0.375,0.0412965,3.31553,53.1375,0.5,22.1375
703,N,96,9000,30,31,N,1,1,89.925,1,6.075,6.32812,0.0428587,3.31956,53.0975,0.5,22.0975
198,A,72,9000,30,31,A,1,1,75.9,1,3.9,5.41667,3.32512,3.32523,53.1225,0.5,22.1225
669,N,78,9000,30,31,N,1,1,78.375,1,0.375,0.480769,0.0459072,3.30347,53.2,0.5,22.2
632,N,54,9000,30,31,A,1,0,54.45,1,0.45,0.833333,3.32262,3.30306,53.1125,0.5,22.1125
323,A,72,9000,30,31,A,1,1,71.775,1,0.225,0.3125,3.31871,3.31971,53.135,0.5,22.135
365,A,60,9000,30,31,A,1,1,60.225,1,0.225,0.375,3.32239,3.30869,53.1025,0.5,22.1025
518,N,54,9000,30,31,N,1,1,54.45,1,0.45,0.833333,0.043951,3.30551,53.165,0.5,22.165
269,A,126,9000,30,31,A,1,1,126.225,1,0.225,0.178571,3.32217,3.31754,53.145,0.5,22.145
611,N,84,9000,30,31,N,1,1,84.15,1,0.15,0.178571,0.0431497,3.31976,53.105,0.5,22.105
523,N,54,9000,30,31,N,1,1,51.15,1,2.85,5.27778,0.0414397,3.29985,53.185,0.5,22.185
512,N,54,9000,30,31,N,1,1,53.625,1,0.375,0.694444,0.0419679,3.3243,53.19,0.5,22.19
626,N,54,9000,30,31,N,1,1,56.925,1,2.925,5.41667,0.0418784,3.32363,53.1925,0.5,22.1925
384,A,102,9000,30,31,A,1,1,99,1,3,2.94118,3.323,3.31366,53.1725,0.5,22.1725
597,N,78,9000,30,31,N,1,1,84.15,1,6.15,7.88462,0.0436153,3.32144,53.14,0.5,22.14
410,A,72,9000,30,31,N,1,0,71.775,1,0.225,0.3125,0.0419187,3.3215,53.1425,0.5,22.1425
978,N,72,9000,30,31,N,1,1,72.6,1,0.6,0.833333,0.0464175,3.2954,53.175,0.5,22.175
820,N,78,9000,30,31,N,1,1,75.9,1,2.1,2.69231,0.0420396,3.31881,53.1625,0.5,22.1625
431,A,60,9000,30,31,A,1,1,60.225,1,0.225,0.375,3.3232,3.31437,53.1025,0.5,22.1025
6,A,171,9000,30,31,A,1,1,84.15,1,86.85,50.7895,3.32346,3.32284,53.15,0.5,22.15
374,A,132,9000,30,31,A,1,1,126.225,1,5.775,4.375,3.32377,3.32004,53.0925,0.5,22.0925
28,A,138,9000,30,31,A,1,1,132,1,6,4.34783,3.31797,3.31691,53.06,0.5,22.06
10,A,114,9000,30,31,A,1,1,120.45,1,6.45,5.65789,3.32284,3.31463,53.1175,0.5,22.1175
659,N,60,9000,30,31,N,1,1,60.225,1,0.225,0.375,0.0436466,3.31069,53.1775,0.5,22.1775
568,N,90,9000,30,31,N,1,1,89.925,1,0.075,0.0833333,0.0425812,3.32241,53.145,0.5,22.145
834,N,72,9000,30,31,N,1,1,70.125,1,1.875,2.60417,0.0436735,3.31734,53.2225,0.5,22.2225
287,A,60,9000,30,31,A,1,1,57.75,1,2.25,3.75,3.32284,3.2869,53.0975,0.5,22.0975
570,N,90,9000,30,31,N,1,1,94.875,1,4.875,5.41667,0.0429393,3.31902,53.085,0.5,22.085
96,A,102,9000,30,31,A,1,1,100.65,1,1.35000000000001,1.32352941176471,3.31842490080162,3.321796006896,53.1875,0.5,22.1875
636,N,66,9000,30,31,N,1,1,66,1,0,0,0.0365917690438051,3.30348710979517,53.15,0.5,22.15
331,A,54,9000,30,31,A,1,1,54.45,1,0.450000000000003,0.833333333333339,3.32161210703374,3.30297639173832,53.135,0.5,22.135
755,N,54,9000,30,31,N,1,1,56.1,1,2.1,3.88888888888889,0.0374512403872987,3.3211333941347,53.1375,0.5,22.1375
29,A,102,9000,30,31,A,1,1,107.25,1,5.25,5.14705882352941,3.31581962829166,3.32238273879125,53.1825,0.5,22.1825
143,A,60,9000,30,31,A,1,1,55.275,1,4.72499999999999,7.87499999999999,3.3199916454382,3.30469407106851,53.12,0.5,22.12
167,A,84,9000,30,31,A,1,1,82.5,1,1.5,1.78571428571429,3.32149572028931,3.29658895698099,53.135,0.5,22.135
499,A,60,9000,30,31,A,1,1,61.875,1,1.875,3.125,3.31752066532565,3.31707302400092,53.1275,0.5,22.1275
938,N,90,9000,30,31,N,1,1,89.925,1,0.0749999999999886,0.0833333333333207,0.0421246158175447,3.31635186971997,53.18,0.5,22.18
438,A,171,9000,30,31,A,1,1,89.925,1,81.075,47.4122807017544,3.32238652652554,3.31576870395747,53.1525,0.5,22.1525
882,N,78,9000,30,31,N,1,1,80.025,1,2.02499999999999,2.59615384615384,0.0417441206915189,3.31225141929902,53.0925,0.5,22.0925
981,N,90,9000,30,31,A,1,0,90.75,1,0.750000000000014,0.833333333333349,3.31943657019553,3.32190755030807,53.11,0.5,22.11
898,N,60,9000,30,31,N,1,1,60.225,1,0.225000000000001,0.375000000000002,0.0446314072360675,3.31109302646828,53.125,0.5,22.125
769,N,78,9000,30,31,N,1,1,78.375,1,0.375,0.480769230769231,0.0460612092604152,3.30247520480057,53.2,0.5025,22.2
160,A,114,9000,30,31,A,1,1,107.25,1,6.75,5.92105263157895,3.31664776474242,3.32440745493698,53.1925,0.5,22.1925
427,A,60,9000,30,31,A,1,1,61.875,1,1.875,3.125,3.31958876824593,3.32022441892706,53.125,0.5,22.125
202,A,96,9000,30,31,A,1,1,101.475,1,5.47499999999999,5.70312499999999,3.31818765089951,3.32354671821588,53.1975,0.5,22.1975
93,A,108,9000,30,31,A,1,1,110.55,1,2.55000000000001,2.36111111111112,3.31705064193468,3.32399609774258,53.05,0.5,22.05
924,N,54,9000,30,31,N,1,1,54.45,1,0.450000000000003,0.833333333333339,0.0410726587044146,3.30103661266446,53.1825,0.5,22.1825
738,N,66,9000,30,31,N,1,1,67.65,1,1.64999999999999,2.49999999999999,0.0416053518808507,3.32436193493735,53.14,0.5,22.14
99,A,96,9000,30,31,A,1,1,91.575,1,4.425,4.609375,3.32271330469259,3.30612637884899,53.155,0.5,22.155
700,N,84,9000,30,31,N,1,1,84.15,1,0.150000000000006,0.178571428571435,0.0416724980795611,3.32187946300926,53.19,0.5,22.19
896,N,66,9000,30,31,N,1,1,67.65,1,1.64999999999999,2.49999999999999,0.0407279748843677,3.3236959319908,53.18,0.5,22.18
150,A,171,9000,30,31,A,1,1,89.925,1,81.075,47.4122807017544,3.31850995265332,3.32145251674127,53.1625,0.5,22.1625
675,N,102,9000,30,31,N,1,1,101.475,1,0.525000000000006,0.514705882352947,0.0415023943761613,3.32522810270392,53.1075,0.5,22.1075
301,A,120,9000,30,31,A,1,1,113.85,1,6.15000000000001,5.125,3.32289236122249,3.32275871758061,53.1775,0.5,22.1775
556,N,54,9000,30,31,N,1,1,54.45,1,0.450000000000003,0.833333333333339,0.0429930399875329,3.30338333839717,53.1425,0.5,22.1425
229,A,120,9000,30,31,A,1,1,113.85,1,6.15000000000001,5.125,3.32330866765449,3.3231544584619,53.18,0.5,22.18
870,N,84,9000,30,31,N,1,1,86.625,1,2.625,3.125,0.0473038259447427,3.30472664993962,53.1925,0.5,22.1925
952,N,78,9000,30,31,N,1,1,77.55,1,0.450000000000003,0.576923076923081,0.0416635452530664,3.32466578281112,53.185,0.5,22.185
249,A,108,9000,30,31,A,1,1,117.15,1,9.14999999999999,8.47222222222221,3.32303113003316,3.31901238275428,53.195,0.5,22.195
662,N,66,9000,30,31,N,1,1,66,1,0,0,0.0418784130889398,3.31022411173245,53.1375,0.5,22.1375
71,A,60,9000,30,31,A,1,1,56.1,1,3.9,6.5,3.3227894037178,3.30809913203209,53.12,0.5,22.12
854,N,66,9000,30,31,N,1,1,67.65,1,1.64999999999999,2.49999999999999,0.0412964793667827,3.3208572309071,53.1975,0.5,22.1975
122,A,72,9000,30,31,N,1,0,78.375,1,6.375,8.85416666666667,0.0473172774551974,3.30282389383247,53.155,0.5025,22.155
50,A,72,9000,30,31,N,1,0,78.375,1,6.375,8.85416666666667,0.0426483561674861,3.30144798576065,53.155,0.5,22.155
497,A,66,9000,30,31,A,1,1,60.225,1,5.775,8.75,3.32164344192648,3.31284679932957,53.17,0.5,22.17
115,A,54,9000,30,31,A,1,1,56.1,1,2.1,3.88888888888889,3.32153153159529,3.30688786727104,53.1275,0.5,22.1275
97,A,96,9000,30,31,A,1,1,99,1,3,3.125,3.32279835654429,3.32265361918263,53.14,0.5,22.14
180,A,114,9000,30,31,A,1,1,117.15,1,3.14999999999999,2.76315789473683,3.31612402439248,3.31320565514749,53.1,0.5,22.1
606,N,66,9000,30,31,N,1,1,66.825,1,0.825000000000003,1.25,0.0415382056821402,3.31733608235965,53.1525,0.5,22.1525
841,N,66,9000,30,31,N,1,1,66,1,0,0,0.044971614642867,3.31008981933503,53.1725,0.5,22.1725
211,A,60,9000,30,31,A,1,1,61.875,1,1.875,3.125,3.31854128754605,3.31827867130221,53.1325,0.5,22.1325
485,A,126,9000,30,31,A,1,1,124.575,1,1.425,1.13095238095238,3.32105255537782,3.30968427408189,53.1675,0.5,22.1675
890,N,84,9000,30,31,N,1,1,84.15,1,0.150000000000006,0.178571428571435,0.0451417183462668,3.31349715977155,53.1625,0.5,22.1625
487,A,66,9000,30,31,A,1,1,71.775,1,5.77500000000001,8.75000000000001,3.32257005946868,3.31886976366296,53.16,0.5,22.16
701,N,66,9000,30,31,N,1,1,71.775,1,5.77500000000001,8.75000000000001,0.0424334883316127,3.32341821114649,53.175,0.5,22.175
69,A,126,9000,30,31,A,1,1,132,1,6,4.76190476190476,3.32302217720666,3.32279723744098,53.1725,0.5,22.1725
572,N,84,9000,30,31,A,1,0,85.8,1,1.8,2.14285714285714,3.31347318600438,3.29854067315684,53.1325,0.5025,22.1325
416,A,102,9000,30,31,A,1,1,103.95,1,1.95,1.91176470588236,3.31896654680455,3.31638948280346,53.15,0.5,22.15
441,A,72,9000,30,31,A,1,1,73.425,1,1.425,1.97916666666666,3.31688053823128,3.3236337357311,53.1375,0.5,22.1375
737,N,54,9000,30,31,N,1,1,54.45,1,0.450000000000003,0.833333333333339,0.0433959171797956,3.3050246899212,53.1875,0.5,22.1875
199,A,66,9000,30,31,A,1,1,71.775,1,5.77500000000001,8.75000000000001,3.31607926026,3.31394056378828,53.1575,0.5,22.1575
594,N,78,9000,30,31,N,1,1,74.25,1,3.75,4.80769230769231,0.0419634649406397,3.30934375046047,53.185,0.5,22.185
123,A,96,9000,30,31,A,1,1,95.7,1,0.300000000000011,0.312500000000012,3.32318332808357,3.32133179094901,53.1425,0.5,22.1425
504,A,96,9000,30,31,A,1,1,95.7,1,0.300000000000011,0.312500000000012,3.31929780138486,3.32364717711144,53.18,0.5,22.18
240,A,102,9000,30,31,A,1,1,100.65,1,1.35000000000001,1.32352941176471,3.32216718227642,3.32307288542886,53.175,0.5,22.175
264,A,78,9000,30,31,A,1,1,78.375,1,0.375,0.480769230769231,3.32226566336786,3.30423749801585,53.1325,0.5,22.1325
686,N,90,9000,30,31,N,1,1,89.925,1,0.0749999999999886,0.0833333333333207,0.0440808084066419,3.31795352216627,53.12,0.5,22.12
439,A,72,9000,30,31,A,1,1,71.775,1,0.224999999999994,0.312499999999992,3.31923513159939,3.3220392700542,53.1375,0.5,22.1375
49,A,66,9000,30,31,A,1,1,60.225,1,5.775,8.75,3.32274911599857,3.30567227398791,53.1325,0.5,22.1325
35,A,72,9000,30,31,A,1,1,71.775,1,0.224999999999994,0.312499999999992,3.32192545596106,3.3242723313753,53.16,0.5,22.16
790,N,84,9000,30,31,N,1,1,84.975,1,0.975000000000009,1.1607142857143,0.0426170212747546,3.31637244359754,53.18,0.5,22.18
4,A,78,9000,30,31,A,1,1,78.375,1,0.375,0.480769230769231,3.32343848363867,3.30426577009952,53.145,0.5,22.145
357,A,126,9000,30,31,A,1,1,126.225,1,0.225000000000009,0.178571428571435,3.32310275264511,3.31873134493465,53.165,0.5,22.165
579,N,78,9000,30,31,N,1,1,78.375,1,0.375,0.480769230769231,0.0469143779922222,3.3023621164659,53.2,0.5,22.2
